post_id,post_caption,content_type,total_likes,num_shares,comment_likes,original_comment_for_context,original_language,text_for_analysis
1171178564566391,"‡≤≠‡≤µ‡≤ø‡≤∑‡≥ç‡≤Ø‡≤¶ ‡≤¨‡≤∞‡≤π‡≤¶‡≤≤‡≥ç‡≤≤‡≤ø‡≤∞‡≥Å‡≤µ ‡≤µ‡≤ø‡≤¶‡≥ç‡≤Ø‡≤æ‡≤∞‡≥ç‡≤•‡≤ø‡≤ó‡≤≥‡≥ä‡≤Ç‡≤¶‡≤ø‡≤ó‡≥Ü ‡≤í‡≤Ç‡≤¶‡≥Å ‡≤∏‡≤Ç‡≤µ‡≤æ‡≤¶.....‡≤∏‡≤∞‡≥ç‡≤ï‡≤æ‡≤∞‡≤ø ‡≤ï‡≤æ‡≤≤‡≥á‡≤ú‡≤ø‡≤® ‡≤µ‡≤ø‡≤ú‡≥ç‡≤û‡≤æ‡≤® ‡≤µ‡≤ø‡≤≠‡≤æ‡≤ó‡≤¶ ‡≤µ‡≤ø‡≤¶‡≥ç‡≤Ø‡≤æ‡≤∞‡≥ç‡≤•‡≤ø‡≤ó‡≤≥‡≤ø‡≤ó‡≤æ‡≤ó‡≤ø ‡≤∏‡≤ï‡≥ç‡≤∑‡≤Æ ‡≤Ø‡≥ã‡≤ú‡≤®‡≥Ü‡≤Ø‡≤°‡≤ø ‡≤®‡≥Ä‡≤ü‡≥ç ‡≤π‡≤æ‡≤ó‡≥Ç ‡≤∏‡≤ø‡≤á‡≤ü‡≤ø ‡≤§‡≤∞‡≤¨‡≥á‡≤§‡≤ø‡≤ó‡≥Ü ‡≤ö‡≤æ‡≤≤‡≤®‡≥Ü ‡≤®‡≥Ä‡≤°‡≥Å‡≤µ ‡≤ï‡≤æ‡≤∞‡≥ç‡≤Ø‡≤ï‡≥ç‡≤∞‡≤Æ‡≤¶‡≤≤‡≥ç‡≤≤‡≤ø ‡≤µ‡≤ø‡≤¶‡≥ç‡≤Ø‡≤æ‡≤∞‡≥ç‡≤•‡≤ø‡≤ó‡≤≥‡≥Å ‡≤∏‡≤ï‡≥ç‡≤∑‡≤Æ ‡≤ï‡≤æ‡≤∞‡≥ç‡≤Ø‡≤ï‡≥ç‡≤∞‡≤Æ ‡≤ï‡≥Å‡≤∞‡≤ø‡≤§‡≥Å ‡≤Ö‡≤®‡≤ø‡≤∏‡≤ø‡≤ï‡≥Ü ‡≤π‡≤Ç‡≤ö‡≤ø‡≤ï‡≥ä‡≤Ç‡≤° ‡≤∏‡≤Ç‡≤¶‡≤∞‡≥ç‡≤≠ ‡≤π‡≤æ‡≤ó‡≥Ç ‡≤Ø‡≥ã‡≤ú‡≤®‡≥Ü‡≤Ø ‡≤¨‡≤ó‡≥ç‡≤ó‡≥Ü ‡≤µ‡≤ø‡≤¶‡≥ç‡≤Ø‡≤æ‡≤∞‡≥ç‡≤•‡≤ø‡≤ó‡≤≥‡≤ø‡≤ó‡≥Ü ‡≤Æ‡≤æ‡≤∞‡≥ç‡≤ó‡≤¶‡≤∞‡≥ç‡≤∂‡≤® ‡≤®‡≥Ä‡≤°‡≤ø‡≤¶ ‡≤ï‡≥ç‡≤∑‡≤£..
#NammaPrabha #MPOfDavangere
#ForThePeople #PrabhaForThePeople
#VoiceOfDavangere #DevelopmentForAll
#Davangere #IndianNationalCongress
#INC #Karnataka #testimonial #talks",Unknown,206,4,0,,en,
1171178564566391,"‡≤≠‡≤µ‡≤ø‡≤∑‡≥ç‡≤Ø‡≤¶ ‡≤¨‡≤∞‡≤π‡≤¶‡≤≤‡≥ç‡≤≤‡≤ø‡≤∞‡≥Å‡≤µ ‡≤µ‡≤ø‡≤¶‡≥ç‡≤Ø‡≤æ‡≤∞‡≥ç‡≤•‡≤ø‡≤ó‡≤≥‡≥ä‡≤Ç‡≤¶‡≤ø‡≤ó‡≥Ü ‡≤í‡≤Ç‡≤¶‡≥Å ‡≤∏‡≤Ç‡≤µ‡≤æ‡≤¶.....‡≤∏‡≤∞‡≥ç‡≤ï‡≤æ‡≤∞‡≤ø ‡≤ï‡≤æ‡≤≤‡≥á‡≤ú‡≤ø‡≤® ‡≤µ‡≤ø‡≤ú‡≥ç‡≤û‡≤æ‡≤® ‡≤µ‡≤ø‡≤≠‡≤æ‡≤ó‡≤¶ ‡≤µ‡≤ø‡≤¶‡≥ç‡≤Ø‡≤æ‡≤∞‡≥ç‡≤•‡≤ø‡≤ó‡≤≥‡≤ø‡≤ó‡≤æ‡≤ó‡≤ø ‡≤∏‡≤ï‡≥ç‡≤∑‡≤Æ ‡≤Ø‡≥ã‡≤ú‡≤®‡≥Ü‡≤Ø‡≤°‡≤ø ‡≤®‡≥Ä‡≤ü‡≥ç ‡≤π‡≤æ‡≤ó‡≥Ç ‡≤∏‡≤ø‡≤á‡≤ü‡≤ø ‡≤§‡≤∞‡≤¨‡≥á‡≤§‡≤ø‡≤ó‡≥Ü ‡≤ö‡≤æ‡≤≤‡≤®‡≥Ü ‡≤®‡≥Ä‡≤°‡≥Å‡≤µ ‡≤ï‡≤æ‡≤∞‡≥ç‡≤Ø‡≤ï‡≥ç‡≤∞‡≤Æ‡≤¶‡≤≤‡≥ç‡≤≤‡≤ø ‡≤µ‡≤ø‡≤¶‡≥ç‡≤Ø‡≤æ‡≤∞‡≥ç‡≤•‡≤ø‡≤ó‡≤≥‡≥Å ‡≤∏‡≤ï‡≥ç‡≤∑‡≤Æ ‡≤ï‡≤æ‡≤∞‡≥ç‡≤Ø‡≤ï‡≥ç‡≤∞‡≤Æ ‡≤ï‡≥Å‡≤∞‡≤ø‡≤§‡≥Å ‡≤Ö‡≤®‡≤ø‡≤∏‡≤ø‡≤ï‡≥Ü ‡≤π‡≤Ç‡≤ö‡≤ø‡≤ï‡≥ä‡≤Ç‡≤° ‡≤∏‡≤Ç‡≤¶‡≤∞‡≥ç‡≤≠ ‡≤π‡≤æ‡≤ó‡≥Ç ‡≤Ø‡≥ã‡≤ú‡≤®‡≥Ü‡≤Ø ‡≤¨‡≤ó‡≥ç‡≤ó‡≥Ü ‡≤µ‡≤ø‡≤¶‡≥ç‡≤Ø‡≤æ‡≤∞‡≥ç‡≤•‡≤ø‡≤ó‡≤≥‡≤ø‡≤ó‡≥Ü ‡≤Æ‡≤æ‡≤∞‡≥ç‡≤ó‡≤¶‡≤∞‡≥ç‡≤∂‡≤® ‡≤®‡≥Ä‡≤°‡≤ø‡≤¶ ‡≤ï‡≥ç‡≤∑‡≤£..
#NammaPrabha #MPOfDavangere
#ForThePeople #PrabhaForThePeople
#VoiceOfDavangere #DevelopmentForAll
#Davangere #IndianNationalCongress
#INC #Karnataka #testimonial #talks",Unknown,206,4,0,Congralation,en,Congralation
1171178564566391,"‡≤≠‡≤µ‡≤ø‡≤∑‡≥ç‡≤Ø‡≤¶ ‡≤¨‡≤∞‡≤π‡≤¶‡≤≤‡≥ç‡≤≤‡≤ø‡≤∞‡≥Å‡≤µ ‡≤µ‡≤ø‡≤¶‡≥ç‡≤Ø‡≤æ‡≤∞‡≥ç‡≤•‡≤ø‡≤ó‡≤≥‡≥ä‡≤Ç‡≤¶‡≤ø‡≤ó‡≥Ü ‡≤í‡≤Ç‡≤¶‡≥Å ‡≤∏‡≤Ç‡≤µ‡≤æ‡≤¶.....‡≤∏‡≤∞‡≥ç‡≤ï‡≤æ‡≤∞‡≤ø ‡≤ï‡≤æ‡≤≤‡≥á‡≤ú‡≤ø‡≤® ‡≤µ‡≤ø‡≤ú‡≥ç‡≤û‡≤æ‡≤® ‡≤µ‡≤ø‡≤≠‡≤æ‡≤ó‡≤¶ ‡≤µ‡≤ø‡≤¶‡≥ç‡≤Ø‡≤æ‡≤∞‡≥ç‡≤•‡≤ø‡≤ó‡≤≥‡≤ø‡≤ó‡≤æ‡≤ó‡≤ø ‡≤∏‡≤ï‡≥ç‡≤∑‡≤Æ ‡≤Ø‡≥ã‡≤ú‡≤®‡≥Ü‡≤Ø‡≤°‡≤ø ‡≤®‡≥Ä‡≤ü‡≥ç ‡≤π‡≤æ‡≤ó‡≥Ç ‡≤∏‡≤ø‡≤á‡≤ü‡≤ø ‡≤§‡≤∞‡≤¨‡≥á‡≤§‡≤ø‡≤ó‡≥Ü ‡≤ö‡≤æ‡≤≤‡≤®‡≥Ü ‡≤®‡≥Ä‡≤°‡≥Å‡≤µ ‡≤ï‡≤æ‡≤∞‡≥ç‡≤Ø‡≤ï‡≥ç‡≤∞‡≤Æ‡≤¶‡≤≤‡≥ç‡≤≤‡≤ø ‡≤µ‡≤ø‡≤¶‡≥ç‡≤Ø‡≤æ‡≤∞‡≥ç‡≤•‡≤ø‡≤ó‡≤≥‡≥Å ‡≤∏‡≤ï‡≥ç‡≤∑‡≤Æ ‡≤ï‡≤æ‡≤∞‡≥ç‡≤Ø‡≤ï‡≥ç‡≤∞‡≤Æ ‡≤ï‡≥Å‡≤∞‡≤ø‡≤§‡≥Å ‡≤Ö‡≤®‡≤ø‡≤∏‡≤ø‡≤ï‡≥Ü ‡≤π‡≤Ç‡≤ö‡≤ø‡≤ï‡≥ä‡≤Ç‡≤° ‡≤∏‡≤Ç‡≤¶‡≤∞‡≥ç‡≤≠ ‡≤π‡≤æ‡≤ó‡≥Ç ‡≤Ø‡≥ã‡≤ú‡≤®‡≥Ü‡≤Ø ‡≤¨‡≤ó‡≥ç‡≤ó‡≥Ü ‡≤µ‡≤ø‡≤¶‡≥ç‡≤Ø‡≤æ‡≤∞‡≥ç‡≤•‡≤ø‡≤ó‡≤≥‡≤ø‡≤ó‡≥Ü ‡≤Æ‡≤æ‡≤∞‡≥ç‡≤ó‡≤¶‡≤∞‡≥ç‡≤∂‡≤® ‡≤®‡≥Ä‡≤°‡≤ø‡≤¶ ‡≤ï‡≥ç‡≤∑‡≤£..
#NammaPrabha #MPOfDavangere
#ForThePeople #PrabhaForThePeople
#VoiceOfDavangere #DevelopmentForAll
#Davangere #IndianNationalCongress
#INC #Karnataka #testimonial #talks",Unknown,206,4,0,üíêüíêüíêüëèüëèüëèüëèü•≥,und,ü•≥
1171178564566391,"‡≤≠‡≤µ‡≤ø‡≤∑‡≥ç‡≤Ø‡≤¶ ‡≤¨‡≤∞‡≤π‡≤¶‡≤≤‡≥ç‡≤≤‡≤ø‡≤∞‡≥Å‡≤µ ‡≤µ‡≤ø‡≤¶‡≥ç‡≤Ø‡≤æ‡≤∞‡≥ç‡≤•‡≤ø‡≤ó‡≤≥‡≥ä‡≤Ç‡≤¶‡≤ø‡≤ó‡≥Ü ‡≤í‡≤Ç‡≤¶‡≥Å ‡≤∏‡≤Ç‡≤µ‡≤æ‡≤¶.....‡≤∏‡≤∞‡≥ç‡≤ï‡≤æ‡≤∞‡≤ø ‡≤ï‡≤æ‡≤≤‡≥á‡≤ú‡≤ø‡≤® ‡≤µ‡≤ø‡≤ú‡≥ç‡≤û‡≤æ‡≤® ‡≤µ‡≤ø‡≤≠‡≤æ‡≤ó‡≤¶ ‡≤µ‡≤ø‡≤¶‡≥ç‡≤Ø‡≤æ‡≤∞‡≥ç‡≤•‡≤ø‡≤ó‡≤≥‡≤ø‡≤ó‡≤æ‡≤ó‡≤ø ‡≤∏‡≤ï‡≥ç‡≤∑‡≤Æ ‡≤Ø‡≥ã‡≤ú‡≤®‡≥Ü‡≤Ø‡≤°‡≤ø ‡≤®‡≥Ä‡≤ü‡≥ç ‡≤π‡≤æ‡≤ó‡≥Ç ‡≤∏‡≤ø‡≤á‡≤ü‡≤ø ‡≤§‡≤∞‡≤¨‡≥á‡≤§‡≤ø‡≤ó‡≥Ü ‡≤ö‡≤æ‡≤≤‡≤®‡≥Ü ‡≤®‡≥Ä‡≤°‡≥Å‡≤µ ‡≤ï‡≤æ‡≤∞‡≥ç‡≤Ø‡≤ï‡≥ç‡≤∞‡≤Æ‡≤¶‡≤≤‡≥ç‡≤≤‡≤ø ‡≤µ‡≤ø‡≤¶‡≥ç‡≤Ø‡≤æ‡≤∞‡≥ç‡≤•‡≤ø‡≤ó‡≤≥‡≥Å ‡≤∏‡≤ï‡≥ç‡≤∑‡≤Æ ‡≤ï‡≤æ‡≤∞‡≥ç‡≤Ø‡≤ï‡≥ç‡≤∞‡≤Æ ‡≤ï‡≥Å‡≤∞‡≤ø‡≤§‡≥Å ‡≤Ö‡≤®‡≤ø‡≤∏‡≤ø‡≤ï‡≥Ü ‡≤π‡≤Ç‡≤ö‡≤ø‡≤ï‡≥ä‡≤Ç‡≤° ‡≤∏‡≤Ç‡≤¶‡≤∞‡≥ç‡≤≠ ‡≤π‡≤æ‡≤ó‡≥Ç ‡≤Ø‡≥ã‡≤ú‡≤®‡≥Ü‡≤Ø ‡≤¨‡≤ó‡≥ç‡≤ó‡≥Ü ‡≤µ‡≤ø‡≤¶‡≥ç‡≤Ø‡≤æ‡≤∞‡≥ç‡≤•‡≤ø‡≤ó‡≤≥‡≤ø‡≤ó‡≥Ü ‡≤Æ‡≤æ‡≤∞‡≥ç‡≤ó‡≤¶‡≤∞‡≥ç‡≤∂‡≤® ‡≤®‡≥Ä‡≤°‡≤ø‡≤¶ ‡≤ï‡≥ç‡≤∑‡≤£..
#NammaPrabha #MPOfDavangere
#ForThePeople #PrabhaForThePeople
#VoiceOfDavangere #DevelopmentForAll
#Davangere #IndianNationalCongress
#INC #Karnataka #testimonial #talks",Unknown,206,4,0,Nice program,en,Nice program
1170913531259561,"‡≤¶‡≤æ‡≤µ‡≤£‡≤ó‡≥Ü‡≤∞‡≥Ü ‡≤ú‡≤ø‡≤≤‡≥ç‡≤≤‡≥Ü‡≤Ø ‡≤™‡≥ç‡≤∞‡≤µ‡≤æ‡≤∏‡≤ø‡≤§‡≤æ‡≤£‡≤ó‡≤≥ ‡≤∏‡≤Æ‡≤ó‡≥ç‡≤∞ ‡≤Æ‡≤æ‡≤π‡≤ø‡≤§‡≤ø‡≤Ø‡≥ä‡≤Ç‡≤¶‡≤ø‡≤ó‡≥Ü ‡≤∏‡≤ø‡≤¶‡≥ç‡≤¶‡≤™‡≤°‡≤ø‡≤∏‡≤≤‡≤æ‡≤¶ ‡≤®‡≥Ç‡≤§‡≤® 2025 ‡≤∞ ‡≤ï‡≥ç‡≤Ø‡≤æ‡≤≤‡≥Ü‡≤Ç‡≤°‡≤∞‡≥ç...
#NammaPrabha #MPOfDavangere #calender #2025",Unknown,625,86,0,Super,en,Super
1170913531259561,"‡≤¶‡≤æ‡≤µ‡≤£‡≤ó‡≥Ü‡≤∞‡≥Ü ‡≤ú‡≤ø‡≤≤‡≥ç‡≤≤‡≥Ü‡≤Ø ‡≤™‡≥ç‡≤∞‡≤µ‡≤æ‡≤∏‡≤ø‡≤§‡≤æ‡≤£‡≤ó‡≤≥ ‡≤∏‡≤Æ‡≤ó‡≥ç‡≤∞ ‡≤Æ‡≤æ‡≤π‡≤ø‡≤§‡≤ø‡≤Ø‡≥ä‡≤Ç‡≤¶‡≤ø‡≤ó‡≥Ü ‡≤∏‡≤ø‡≤¶‡≥ç‡≤¶‡≤™‡≤°‡≤ø‡≤∏‡≤≤‡≤æ‡≤¶ ‡≤®‡≥Ç‡≤§‡≤® 2025 ‡≤∞ ‡≤ï‡≥ç‡≤Ø‡≤æ‡≤≤‡≥Ü‡≤Ç‡≤°‡≤∞‡≥ç...
#NammaPrabha #MPOfDavangere #calender #2025",Unknown,625,86,0,Madam I want one calender where I have collected.,en,Madam I want one calender where I have collected.
1170913531259561,"‡≤¶‡≤æ‡≤µ‡≤£‡≤ó‡≥Ü‡≤∞‡≥Ü ‡≤ú‡≤ø‡≤≤‡≥ç‡≤≤‡≥Ü‡≤Ø ‡≤™‡≥ç‡≤∞‡≤µ‡≤æ‡≤∏‡≤ø‡≤§‡≤æ‡≤£‡≤ó‡≤≥ ‡≤∏‡≤Æ‡≤ó‡≥ç‡≤∞ ‡≤Æ‡≤æ‡≤π‡≤ø‡≤§‡≤ø‡≤Ø‡≥ä‡≤Ç‡≤¶‡≤ø‡≤ó‡≥Ü ‡≤∏‡≤ø‡≤¶‡≥ç‡≤¶‡≤™‡≤°‡≤ø‡≤∏‡≤≤‡≤æ‡≤¶ ‡≤®‡≥Ç‡≤§‡≤® 2025 ‡≤∞ ‡≤ï‡≥ç‡≤Ø‡≤æ‡≤≤‡≥Ü‡≤Ç‡≤°‡≤∞‡≥ç...
#NammaPrabha #MPOfDavangere #calender #2025",Unknown,625,86,0,üôè wish you Happy New year 2025,en,wish you Happy New year 2025
1170913531259561,"‡≤¶‡≤æ‡≤µ‡≤£‡≤ó‡≥Ü‡≤∞‡≥Ü ‡≤ú‡≤ø‡≤≤‡≥ç‡≤≤‡≥Ü‡≤Ø ‡≤™‡≥ç‡≤∞‡≤µ‡≤æ‡≤∏‡≤ø‡≤§‡≤æ‡≤£‡≤ó‡≤≥ ‡≤∏‡≤Æ‡≤ó‡≥ç‡≤∞ ‡≤Æ‡≤æ‡≤π‡≤ø‡≤§‡≤ø‡≤Ø‡≥ä‡≤Ç‡≤¶‡≤ø‡≤ó‡≥Ü ‡≤∏‡≤ø‡≤¶‡≥ç‡≤¶‡≤™‡≤°‡≤ø‡≤∏‡≤≤‡≤æ‡≤¶ ‡≤®‡≥Ç‡≤§‡≤® 2025 ‡≤∞ ‡≤ï‡≥ç‡≤Ø‡≤æ‡≤≤‡≥Ü‡≤Ç‡≤°‡≤∞‡≥ç...
#NammaPrabha #MPOfDavangere #calender #2025",Unknown,625,86,0,Super,en,Super
1170913531259561,"‡≤¶‡≤æ‡≤µ‡≤£‡≤ó‡≥Ü‡≤∞‡≥Ü ‡≤ú‡≤ø‡≤≤‡≥ç‡≤≤‡≥Ü‡≤Ø ‡≤™‡≥ç‡≤∞‡≤µ‡≤æ‡≤∏‡≤ø‡≤§‡≤æ‡≤£‡≤ó‡≤≥ ‡≤∏‡≤Æ‡≤ó‡≥ç‡≤∞ ‡≤Æ‡≤æ‡≤π‡≤ø‡≤§‡≤ø‡≤Ø‡≥ä‡≤Ç‡≤¶‡≤ø‡≤ó‡≥Ü ‡≤∏‡≤ø‡≤¶‡≥ç‡≤¶‡≤™‡≤°‡≤ø‡≤∏‡≤≤‡≤æ‡≤¶ ‡≤®‡≥Ç‡≤§‡≤® 2025 ‡≤∞ ‡≤ï‡≥ç‡≤Ø‡≤æ‡≤≤‡≥Ü‡≤Ç‡≤°‡≤∞‡≥ç...
#NammaPrabha #MPOfDavangere #calender #2025",Unknown,625,86,0,üôèüôèüôèüôèüôè,en,
1170913531259561,"‡≤¶‡≤æ‡≤µ‡≤£‡≤ó‡≥Ü‡≤∞‡≥Ü ‡≤ú‡≤ø‡≤≤‡≥ç‡≤≤‡≥Ü‡≤Ø ‡≤™‡≥ç‡≤∞‡≤µ‡≤æ‡≤∏‡≤ø‡≤§‡≤æ‡≤£‡≤ó‡≤≥ ‡≤∏‡≤Æ‡≤ó‡≥ç‡≤∞ ‡≤Æ‡≤æ‡≤π‡≤ø‡≤§‡≤ø‡≤Ø‡≥ä‡≤Ç‡≤¶‡≤ø‡≤ó‡≥Ü ‡≤∏‡≤ø‡≤¶‡≥ç‡≤¶‡≤™‡≤°‡≤ø‡≤∏‡≤≤‡≤æ‡≤¶ ‡≤®‡≥Ç‡≤§‡≤® 2025 ‡≤∞ ‡≤ï‡≥ç‡≤Ø‡≤æ‡≤≤‡≥Ü‡≤Ç‡≤°‡≤∞‡≥ç...
#NammaPrabha #MPOfDavangere #calender #2025",Unknown,625,86,0,Mam in calender 3 photos are very nice,en,Mam in calender 3 photos are very nice
1170913531259561,"‡≤¶‡≤æ‡≤µ‡≤£‡≤ó‡≥Ü‡≤∞‡≥Ü ‡≤ú‡≤ø‡≤≤‡≥ç‡≤≤‡≥Ü‡≤Ø ‡≤™‡≥ç‡≤∞‡≤µ‡≤æ‡≤∏‡≤ø‡≤§‡≤æ‡≤£‡≤ó‡≤≥ ‡≤∏‡≤Æ‡≤ó‡≥ç‡≤∞ ‡≤Æ‡≤æ‡≤π‡≤ø‡≤§‡≤ø‡≤Ø‡≥ä‡≤Ç‡≤¶‡≤ø‡≤ó‡≥Ü ‡≤∏‡≤ø‡≤¶‡≥ç‡≤¶‡≤™‡≤°‡≤ø‡≤∏‡≤≤‡≤æ‡≤¶ ‡≤®‡≥Ç‡≤§‡≤® 2025 ‡≤∞ ‡≤ï‡≥ç‡≤Ø‡≤æ‡≤≤‡≥Ü‡≤Ç‡≤°‡≤∞‡≥ç...
#NammaPrabha #MPOfDavangere #calender #2025",Unknown,625,86,0,Nice,en,Nice
1170913531259561,"‡≤¶‡≤æ‡≤µ‡≤£‡≤ó‡≥Ü‡≤∞‡≥Ü ‡≤ú‡≤ø‡≤≤‡≥ç‡≤≤‡≥Ü‡≤Ø ‡≤™‡≥ç‡≤∞‡≤µ‡≤æ‡≤∏‡≤ø‡≤§‡≤æ‡≤£‡≤ó‡≤≥ ‡≤∏‡≤Æ‡≤ó‡≥ç‡≤∞ ‡≤Æ‡≤æ‡≤π‡≤ø‡≤§‡≤ø‡≤Ø‡≥ä‡≤Ç‡≤¶‡≤ø‡≤ó‡≥Ü ‡≤∏‡≤ø‡≤¶‡≥ç‡≤¶‡≤™‡≤°‡≤ø‡≤∏‡≤≤‡≤æ‡≤¶ ‡≤®‡≥Ç‡≤§‡≤® 2025 ‡≤∞ ‡≤ï‡≥ç‡≤Ø‡≤æ‡≤≤‡≥Ü‡≤Ç‡≤°‡≤∞‡≥ç...
#NammaPrabha #MPOfDavangere #calender #2025",Unknown,625,86,0,Nice,en,Nice
1170913531259561,"‡≤¶‡≤æ‡≤µ‡≤£‡≤ó‡≥Ü‡≤∞‡≥Ü ‡≤ú‡≤ø‡≤≤‡≥ç‡≤≤‡≥Ü‡≤Ø ‡≤™‡≥ç‡≤∞‡≤µ‡≤æ‡≤∏‡≤ø‡≤§‡≤æ‡≤£‡≤ó‡≤≥ ‡≤∏‡≤Æ‡≤ó‡≥ç‡≤∞ ‡≤Æ‡≤æ‡≤π‡≤ø‡≤§‡≤ø‡≤Ø‡≥ä‡≤Ç‡≤¶‡≤ø‡≤ó‡≥Ü ‡≤∏‡≤ø‡≤¶‡≥ç‡≤¶‡≤™‡≤°‡≤ø‡≤∏‡≤≤‡≤æ‡≤¶ ‡≤®‡≥Ç‡≤§‡≤® 2025 ‡≤∞ ‡≤ï‡≥ç‡≤Ø‡≤æ‡≤≤‡≥Ü‡≤Ç‡≤°‡≤∞‡≥ç...
#NammaPrabha #MPOfDavangere #calender #2025",Unknown,625,86,0,Where do we get,en,Where do we get
1171258714558376,"‡≤π‡≥ä‡≤∏ ‡≤µ‡≤∞‡≥ç‡≤∑‡≤µ‡≥Å ‡≤é‡≤≤‡≥ç‡≤≤‡≤∞ ‡≤¨‡≤æ‡≤≥‡≤ø‡≤®‡≤≤‡≥ç‡≤≤‡≤ø ‡≤π‡≥ä‡≤∏ ‡≤ï‡≤®‡≤∏‡≥Å‡≤ó‡≤≥‡≤ø‡≤ó‡≥Ü ‡≤¨‡≥Ü‡≤≥‡≤ï‡≤æ‡≤ó‡≤ø, ‡≤π‡≥ä‡≤∏ ‡≤™‡≥ç‡≤∞‡≤Ø‡≤§‡≥ç‡≤®‡≤ó‡≤≥‡≤ø‡≤ó‡≥Ü ‡≤∂‡≤ï‡≥ç‡≤§‡≤ø‡≤Ø‡≤æ‡≤ó‡≤≤‡≤ø. 2025 ‡≤∞ ‡≤à ‡≤µ‡≤∞‡≥ç‡≤∑ ‡≤®‡≤ø‡≤Æ‡≥ç‡≤Æ‡≥Ü‡≤≤‡≥ç‡≤≤‡≤∞ ‡≤™‡≥ç‡≤∞‡≤§‡≤ø ‡≤π‡≥Ü‡≤ú‡≥ç‡≤ú‡≥Ü‡≤Ø‡≥Ç ‡≤Ø‡≤∂‡≤∏‡≥ç‡≤∏‡≥Å ‡≤§‡≤∞‡≥Å‡≤µ‡≤Ç‡≤§‡≤æ‡≤ó‡≤≤‡≤ø. ‡≤ú‡≥Ä‡≤µ‡≤®‡≤¶‡≤≤‡≥ç‡≤≤‡≤ø ‡≤∂‡≤æ‡≤Ç‡≤§‡≤ø,‡≤∏‡≤Æ‡≥É‡≤¶‡≥ç‡≤¶‡≤ø, ‡≤Ü‡≤∞‡≥ã‡≤ó‡≥ç‡≤Ø ‡≤π‡≥Ü‡≤ö‡≥ç‡≤ö‡≤æ‡≤ó‡≤≤‡≤ø.... 
‡≤é‡≤≤‡≥ç‡≤≤‡≤∞‡≤ø‡≤ó‡≥Ç ‡≤π‡≥ä‡≤∏ ‡≤µ‡≤∞‡≥ç‡≤∑‡≤¶ ‡≤π‡≤æ‡≤∞‡≥ç‡≤¶‡≤ø‡≤ï ‡≤∂‡≥Å‡≤≠‡≤æ‡≤∂‡≤Ø‡≤ó‡≤≥‡≥Å.....
#NammaPrabha #MPOfDavangere #newyear #2025",Unknown,480,18,0,Same to u medom u and your family s,en,Same to u medom u and your family s
1171258714558376,"‡≤π‡≥ä‡≤∏ ‡≤µ‡≤∞‡≥ç‡≤∑‡≤µ‡≥Å ‡≤é‡≤≤‡≥ç‡≤≤‡≤∞ ‡≤¨‡≤æ‡≤≥‡≤ø‡≤®‡≤≤‡≥ç‡≤≤‡≤ø ‡≤π‡≥ä‡≤∏ ‡≤ï‡≤®‡≤∏‡≥Å‡≤ó‡≤≥‡≤ø‡≤ó‡≥Ü ‡≤¨‡≥Ü‡≤≥‡≤ï‡≤æ‡≤ó‡≤ø, ‡≤π‡≥ä‡≤∏ ‡≤™‡≥ç‡≤∞‡≤Ø‡≤§‡≥ç‡≤®‡≤ó‡≤≥‡≤ø‡≤ó‡≥Ü ‡≤∂‡≤ï‡≥ç‡≤§‡≤ø‡≤Ø‡≤æ‡≤ó‡≤≤‡≤ø. 2025 ‡≤∞ ‡≤à ‡≤µ‡≤∞‡≥ç‡≤∑ ‡≤®‡≤ø‡≤Æ‡≥ç‡≤Æ‡≥Ü‡≤≤‡≥ç‡≤≤‡≤∞ ‡≤™‡≥ç‡≤∞‡≤§‡≤ø ‡≤π‡≥Ü‡≤ú‡≥ç‡≤ú‡≥Ü‡≤Ø‡≥Ç ‡≤Ø‡≤∂‡≤∏‡≥ç‡≤∏‡≥Å ‡≤§‡≤∞‡≥Å‡≤µ‡≤Ç‡≤§‡≤æ‡≤ó‡≤≤‡≤ø. ‡≤ú‡≥Ä‡≤µ‡≤®‡≤¶‡≤≤‡≥ç‡≤≤‡≤ø ‡≤∂‡≤æ‡≤Ç‡≤§‡≤ø,‡≤∏‡≤Æ‡≥É‡≤¶‡≥ç‡≤¶‡≤ø, ‡≤Ü‡≤∞‡≥ã‡≤ó‡≥ç‡≤Ø ‡≤π‡≥Ü‡≤ö‡≥ç‡≤ö‡≤æ‡≤ó‡≤≤‡≤ø.... 
‡≤é‡≤≤‡≥ç‡≤≤‡≤∞‡≤ø‡≤ó‡≥Ç ‡≤π‡≥ä‡≤∏ ‡≤µ‡≤∞‡≥ç‡≤∑‡≤¶ ‡≤π‡≤æ‡≤∞‡≥ç‡≤¶‡≤ø‡≤ï ‡≤∂‡≥Å‡≤≠‡≤æ‡≤∂‡≤Ø‡≤ó‡≤≥‡≥Å.....
#NammaPrabha #MPOfDavangere #newyear #2025",Unknown,480,18,0,Happy new year,en,Happy new year
1171258714558376,"‡≤π‡≥ä‡≤∏ ‡≤µ‡≤∞‡≥ç‡≤∑‡≤µ‡≥Å ‡≤é‡≤≤‡≥ç‡≤≤‡≤∞ ‡≤¨‡≤æ‡≤≥‡≤ø‡≤®‡≤≤‡≥ç‡≤≤‡≤ø ‡≤π‡≥ä‡≤∏ ‡≤ï‡≤®‡≤∏‡≥Å‡≤ó‡≤≥‡≤ø‡≤ó‡≥Ü ‡≤¨‡≥Ü‡≤≥‡≤ï‡≤æ‡≤ó‡≤ø, ‡≤π‡≥ä‡≤∏ ‡≤™‡≥ç‡≤∞‡≤Ø‡≤§‡≥ç‡≤®‡≤ó‡≤≥‡≤ø‡≤ó‡≥Ü ‡≤∂‡≤ï‡≥ç‡≤§‡≤ø‡≤Ø‡≤æ‡≤ó‡≤≤‡≤ø. 2025 ‡≤∞ ‡≤à ‡≤µ‡≤∞‡≥ç‡≤∑ ‡≤®‡≤ø‡≤Æ‡≥ç‡≤Æ‡≥Ü‡≤≤‡≥ç‡≤≤‡≤∞ ‡≤™‡≥ç‡≤∞‡≤§‡≤ø ‡≤π‡≥Ü‡≤ú‡≥ç‡≤ú‡≥Ü‡≤Ø‡≥Ç ‡≤Ø‡≤∂‡≤∏‡≥ç‡≤∏‡≥Å ‡≤§‡≤∞‡≥Å‡≤µ‡≤Ç‡≤§‡≤æ‡≤ó‡≤≤‡≤ø. ‡≤ú‡≥Ä‡≤µ‡≤®‡≤¶‡≤≤‡≥ç‡≤≤‡≤ø ‡≤∂‡≤æ‡≤Ç‡≤§‡≤ø,‡≤∏‡≤Æ‡≥É‡≤¶‡≥ç‡≤¶‡≤ø, ‡≤Ü‡≤∞‡≥ã‡≤ó‡≥ç‡≤Ø ‡≤π‡≥Ü‡≤ö‡≥ç‡≤ö‡≤æ‡≤ó‡≤≤‡≤ø.... 
‡≤é‡≤≤‡≥ç‡≤≤‡≤∞‡≤ø‡≤ó‡≥Ç ‡≤π‡≥ä‡≤∏ ‡≤µ‡≤∞‡≥ç‡≤∑‡≤¶ ‡≤π‡≤æ‡≤∞‡≥ç‡≤¶‡≤ø‡≤ï ‡≤∂‡≥Å‡≤≠‡≤æ‡≤∂‡≤Ø‡≤ó‡≤≥‡≥Å.....
#NammaPrabha #MPOfDavangere #newyear #2025",Unknown,480,18,0,Happy new year madam,en,Happy new year madam
1171258714558376,"‡≤π‡≥ä‡≤∏ ‡≤µ‡≤∞‡≥ç‡≤∑‡≤µ‡≥Å ‡≤é‡≤≤‡≥ç‡≤≤‡≤∞ ‡≤¨‡≤æ‡≤≥‡≤ø‡≤®‡≤≤‡≥ç‡≤≤‡≤ø ‡≤π‡≥ä‡≤∏ ‡≤ï‡≤®‡≤∏‡≥Å‡≤ó‡≤≥‡≤ø‡≤ó‡≥Ü ‡≤¨‡≥Ü‡≤≥‡≤ï‡≤æ‡≤ó‡≤ø, ‡≤π‡≥ä‡≤∏ ‡≤™‡≥ç‡≤∞‡≤Ø‡≤§‡≥ç‡≤®‡≤ó‡≤≥‡≤ø‡≤ó‡≥Ü ‡≤∂‡≤ï‡≥ç‡≤§‡≤ø‡≤Ø‡≤æ‡≤ó‡≤≤‡≤ø. 2025 ‡≤∞ ‡≤à ‡≤µ‡≤∞‡≥ç‡≤∑ ‡≤®‡≤ø‡≤Æ‡≥ç‡≤Æ‡≥Ü‡≤≤‡≥ç‡≤≤‡≤∞ ‡≤™‡≥ç‡≤∞‡≤§‡≤ø ‡≤π‡≥Ü‡≤ú‡≥ç‡≤ú‡≥Ü‡≤Ø‡≥Ç ‡≤Ø‡≤∂‡≤∏‡≥ç‡≤∏‡≥Å ‡≤§‡≤∞‡≥Å‡≤µ‡≤Ç‡≤§‡≤æ‡≤ó‡≤≤‡≤ø. ‡≤ú‡≥Ä‡≤µ‡≤®‡≤¶‡≤≤‡≥ç‡≤≤‡≤ø ‡≤∂‡≤æ‡≤Ç‡≤§‡≤ø,‡≤∏‡≤Æ‡≥É‡≤¶‡≥ç‡≤¶‡≤ø, ‡≤Ü‡≤∞‡≥ã‡≤ó‡≥ç‡≤Ø ‡≤π‡≥Ü‡≤ö‡≥ç‡≤ö‡≤æ‡≤ó‡≤≤‡≤ø.... 
‡≤é‡≤≤‡≥ç‡≤≤‡≤∞‡≤ø‡≤ó‡≥Ç ‡≤π‡≥ä‡≤∏ ‡≤µ‡≤∞‡≥ç‡≤∑‡≤¶ ‡≤π‡≤æ‡≤∞‡≥ç‡≤¶‡≤ø‡≤ï ‡≤∂‡≥Å‡≤≠‡≤æ‡≤∂‡≤Ø‡≤ó‡≤≥‡≥Å.....
#NammaPrabha #MPOfDavangere #newyear #2025",Unknown,480,18,0,"May the new year be the light to new dreams and strength to new endeavors in everyone's life. May every step of your life bring success this year 2025 May peace, prosperity and health increase in life....
Happy new year to all.....",en,"May the new year be the light to new dreams and strength to new endeavors in everyone's life. May every step of your life bring success this year 2025 May peace, prosperity and health increase in life.... Happy new year to all....."
1171258714558376,"‡≤π‡≥ä‡≤∏ ‡≤µ‡≤∞‡≥ç‡≤∑‡≤µ‡≥Å ‡≤é‡≤≤‡≥ç‡≤≤‡≤∞ ‡≤¨‡≤æ‡≤≥‡≤ø‡≤®‡≤≤‡≥ç‡≤≤‡≤ø ‡≤π‡≥ä‡≤∏ ‡≤ï‡≤®‡≤∏‡≥Å‡≤ó‡≤≥‡≤ø‡≤ó‡≥Ü ‡≤¨‡≥Ü‡≤≥‡≤ï‡≤æ‡≤ó‡≤ø, ‡≤π‡≥ä‡≤∏ ‡≤™‡≥ç‡≤∞‡≤Ø‡≤§‡≥ç‡≤®‡≤ó‡≤≥‡≤ø‡≤ó‡≥Ü ‡≤∂‡≤ï‡≥ç‡≤§‡≤ø‡≤Ø‡≤æ‡≤ó‡≤≤‡≤ø. 2025 ‡≤∞ ‡≤à ‡≤µ‡≤∞‡≥ç‡≤∑ ‡≤®‡≤ø‡≤Æ‡≥ç‡≤Æ‡≥Ü‡≤≤‡≥ç‡≤≤‡≤∞ ‡≤™‡≥ç‡≤∞‡≤§‡≤ø ‡≤π‡≥Ü‡≤ú‡≥ç‡≤ú‡≥Ü‡≤Ø‡≥Ç ‡≤Ø‡≤∂‡≤∏‡≥ç‡≤∏‡≥Å ‡≤§‡≤∞‡≥Å‡≤µ‡≤Ç‡≤§‡≤æ‡≤ó‡≤≤‡≤ø. ‡≤ú‡≥Ä‡≤µ‡≤®‡≤¶‡≤≤‡≥ç‡≤≤‡≤ø ‡≤∂‡≤æ‡≤Ç‡≤§‡≤ø,‡≤∏‡≤Æ‡≥É‡≤¶‡≥ç‡≤¶‡≤ø, ‡≤Ü‡≤∞‡≥ã‡≤ó‡≥ç‡≤Ø ‡≤π‡≥Ü‡≤ö‡≥ç‡≤ö‡≤æ‡≤ó‡≤≤‡≤ø.... 
‡≤é‡≤≤‡≥ç‡≤≤‡≤∞‡≤ø‡≤ó‡≥Ç ‡≤π‡≥ä‡≤∏ ‡≤µ‡≤∞‡≥ç‡≤∑‡≤¶ ‡≤π‡≤æ‡≤∞‡≥ç‡≤¶‡≤ø‡≤ï ‡≤∂‡≥Å‡≤≠‡≤æ‡≤∂‡≤Ø‡≤ó‡≤≥‡≥Å.....
#NammaPrabha #MPOfDavangere #newyear #2025",Unknown,480,18,0,"Happy new year,and vinam Abhivadan to the soldiers who fought against Peshwai with Britishers for their rights.",en,"Happy new year,and vinam Abhivadan to the soldiers who fought against Peshwai with Britishers for their rights."
1171258714558376,"‡≤π‡≥ä‡≤∏ ‡≤µ‡≤∞‡≥ç‡≤∑‡≤µ‡≥Å ‡≤é‡≤≤‡≥ç‡≤≤‡≤∞ ‡≤¨‡≤æ‡≤≥‡≤ø‡≤®‡≤≤‡≥ç‡≤≤‡≤ø ‡≤π‡≥ä‡≤∏ ‡≤ï‡≤®‡≤∏‡≥Å‡≤ó‡≤≥‡≤ø‡≤ó‡≥Ü ‡≤¨‡≥Ü‡≤≥‡≤ï‡≤æ‡≤ó‡≤ø, ‡≤π‡≥ä‡≤∏ ‡≤™‡≥ç‡≤∞‡≤Ø‡≤§‡≥ç‡≤®‡≤ó‡≤≥‡≤ø‡≤ó‡≥Ü ‡≤∂‡≤ï‡≥ç‡≤§‡≤ø‡≤Ø‡≤æ‡≤ó‡≤≤‡≤ø. 2025 ‡≤∞ ‡≤à ‡≤µ‡≤∞‡≥ç‡≤∑ ‡≤®‡≤ø‡≤Æ‡≥ç‡≤Æ‡≥Ü‡≤≤‡≥ç‡≤≤‡≤∞ ‡≤™‡≥ç‡≤∞‡≤§‡≤ø ‡≤π‡≥Ü‡≤ú‡≥ç‡≤ú‡≥Ü‡≤Ø‡≥Ç ‡≤Ø‡≤∂‡≤∏‡≥ç‡≤∏‡≥Å ‡≤§‡≤∞‡≥Å‡≤µ‡≤Ç‡≤§‡≤æ‡≤ó‡≤≤‡≤ø. ‡≤ú‡≥Ä‡≤µ‡≤®‡≤¶‡≤≤‡≥ç‡≤≤‡≤ø ‡≤∂‡≤æ‡≤Ç‡≤§‡≤ø,‡≤∏‡≤Æ‡≥É‡≤¶‡≥ç‡≤¶‡≤ø, ‡≤Ü‡≤∞‡≥ã‡≤ó‡≥ç‡≤Ø ‡≤π‡≥Ü‡≤ö‡≥ç‡≤ö‡≤æ‡≤ó‡≤≤‡≤ø.... 
‡≤é‡≤≤‡≥ç‡≤≤‡≤∞‡≤ø‡≤ó‡≥Ç ‡≤π‡≥ä‡≤∏ ‡≤µ‡≤∞‡≥ç‡≤∑‡≤¶ ‡≤π‡≤æ‡≤∞‡≥ç‡≤¶‡≤ø‡≤ï ‡≤∂‡≥Å‡≤≠‡≤æ‡≤∂‡≤Ø‡≤ó‡≤≥‡≥Å.....
#NammaPrabha #MPOfDavangere #newyear #2025",Unknown,480,18,0,Happy new year madam,en,Happy new year madam
1170860151264899,"‡≤Æ‡≥Å‡≤Ç‡≤ú‡≤æ‡≤®‡≥Ü‡≤Ø ‡≤∂‡≥Å‡≤≠‡≥ã‡≤¶‡≤Ø‡≤ó‡≤≥‡≥Å
#NammaPrabha #MPOfDavangere
#ForThePeople #PrabhaForThePeople
#VoiceOfDavangere #DevelopmentForAll
#Davangere #IndianNationalCongress
#INC #Karnataka #tuesdaythoughts",Unknown,119,3,0,,en,
1170860151264899,"‡≤Æ‡≥Å‡≤Ç‡≤ú‡≤æ‡≤®‡≥Ü‡≤Ø ‡≤∂‡≥Å‡≤≠‡≥ã‡≤¶‡≤Ø‡≤ó‡≤≥‡≥Å
#NammaPrabha #MPOfDavangere
#ForThePeople #PrabhaForThePeople
#VoiceOfDavangere #DevelopmentForAll
#Davangere #IndianNationalCongress
#INC #Karnataka #tuesdaythoughts",Unknown,119,3,0,üôè,en,
1170913531259561,"‡≤¶‡≤æ‡≤µ‡≤£‡≤ó‡≥Ü‡≤∞‡≥Ü ‡≤ú‡≤ø‡≤≤‡≥ç‡≤≤‡≥Ü‡≤Ø ‡≤™‡≥ç‡≤∞‡≤µ‡≤æ‡≤∏‡≤ø‡≤§‡≤æ‡≤£‡≤ó‡≤≥ ‡≤∏‡≤Æ‡≤ó‡≥ç‡≤∞ ‡≤Æ‡≤æ‡≤π‡≤ø‡≤§‡≤ø‡≤Ø‡≥ä‡≤Ç‡≤¶‡≤ø‡≤ó‡≥Ü ‡≤∏‡≤ø‡≤¶‡≥ç‡≤¶‡≤™‡≤°‡≤ø‡≤∏‡≤≤‡≤æ‡≤¶ ‡≤®‡≥Ç‡≤§‡≤® 2025 ‡≤∞ ‡≤ï‡≥ç‡≤Ø‡≤æ‡≤≤‡≥Ü‡≤Ç‡≤°‡≤∞‡≥ç...
#NammaPrabha #MPOfDavangere #calender #2025",Unknown,625,86,0,Jai appaji Jai mallanna Jai prabamma,bn-Latn,Jai Appaji Jai Mallanna Jai Prabamma
1170913531259561,"‡≤¶‡≤æ‡≤µ‡≤£‡≤ó‡≥Ü‡≤∞‡≥Ü ‡≤ú‡≤ø‡≤≤‡≥ç‡≤≤‡≥Ü‡≤Ø ‡≤™‡≥ç‡≤∞‡≤µ‡≤æ‡≤∏‡≤ø‡≤§‡≤æ‡≤£‡≤ó‡≤≥ ‡≤∏‡≤Æ‡≤ó‡≥ç‡≤∞ ‡≤Æ‡≤æ‡≤π‡≤ø‡≤§‡≤ø‡≤Ø‡≥ä‡≤Ç‡≤¶‡≤ø‡≤ó‡≥Ü ‡≤∏‡≤ø‡≤¶‡≥ç‡≤¶‡≤™‡≤°‡≤ø‡≤∏‡≤≤‡≤æ‡≤¶ ‡≤®‡≥Ç‡≤§‡≤® 2025 ‡≤∞ ‡≤ï‡≥ç‡≤Ø‡≤æ‡≤≤‡≥Ü‡≤Ç‡≤°‡≤∞‡≥ç...
#NammaPrabha #MPOfDavangere #calender #2025",Unknown,625,86,0,,en,
1170913531259561,"‡≤¶‡≤æ‡≤µ‡≤£‡≤ó‡≥Ü‡≤∞‡≥Ü ‡≤ú‡≤ø‡≤≤‡≥ç‡≤≤‡≥Ü‡≤Ø ‡≤™‡≥ç‡≤∞‡≤µ‡≤æ‡≤∏‡≤ø‡≤§‡≤æ‡≤£‡≤ó‡≤≥ ‡≤∏‡≤Æ‡≤ó‡≥ç‡≤∞ ‡≤Æ‡≤æ‡≤π‡≤ø‡≤§‡≤ø‡≤Ø‡≥ä‡≤Ç‡≤¶‡≤ø‡≤ó‡≥Ü ‡≤∏‡≤ø‡≤¶‡≥ç‡≤¶‡≤™‡≤°‡≤ø‡≤∏‡≤≤‡≤æ‡≤¶ ‡≤®‡≥Ç‡≤§‡≤® 2025 ‡≤∞ ‡≤ï‡≥ç‡≤Ø‡≤æ‡≤≤‡≥Ü‡≤Ç‡≤°‡≤∞‡≥ç...
#NammaPrabha #MPOfDavangere #calender #2025",Unknown,625,86,0,üíê,en,
1170913531259561,"‡≤¶‡≤æ‡≤µ‡≤£‡≤ó‡≥Ü‡≤∞‡≥Ü ‡≤ú‡≤ø‡≤≤‡≥ç‡≤≤‡≥Ü‡≤Ø ‡≤™‡≥ç‡≤∞‡≤µ‡≤æ‡≤∏‡≤ø‡≤§‡≤æ‡≤£‡≤ó‡≤≥ ‡≤∏‡≤Æ‡≤ó‡≥ç‡≤∞ ‡≤Æ‡≤æ‡≤π‡≤ø‡≤§‡≤ø‡≤Ø‡≥ä‡≤Ç‡≤¶‡≤ø‡≤ó‡≥Ü ‡≤∏‡≤ø‡≤¶‡≥ç‡≤¶‡≤™‡≤°‡≤ø‡≤∏‡≤≤‡≤æ‡≤¶ ‡≤®‡≥Ç‡≤§‡≤® 2025 ‡≤∞ ‡≤ï‡≥ç‡≤Ø‡≤æ‡≤≤‡≥Ü‡≤Ç‡≤°‡≤∞‡≥ç...
#NammaPrabha #MPOfDavangere #calender #2025",Unknown,625,86,0,Nice,en,Nice
1170913531259561,"‡≤¶‡≤æ‡≤µ‡≤£‡≤ó‡≥Ü‡≤∞‡≥Ü ‡≤ú‡≤ø‡≤≤‡≥ç‡≤≤‡≥Ü‡≤Ø ‡≤™‡≥ç‡≤∞‡≤µ‡≤æ‡≤∏‡≤ø‡≤§‡≤æ‡≤£‡≤ó‡≤≥ ‡≤∏‡≤Æ‡≤ó‡≥ç‡≤∞ ‡≤Æ‡≤æ‡≤π‡≤ø‡≤§‡≤ø‡≤Ø‡≥ä‡≤Ç‡≤¶‡≤ø‡≤ó‡≥Ü ‡≤∏‡≤ø‡≤¶‡≥ç‡≤¶‡≤™‡≤°‡≤ø‡≤∏‡≤≤‡≤æ‡≤¶ ‡≤®‡≥Ç‡≤§‡≤® 2025 ‡≤∞ ‡≤ï‡≥ç‡≤Ø‡≤æ‡≤≤‡≥Ü‡≤Ç‡≤°‡≤∞‡≥ç...
#NammaPrabha #MPOfDavangere #calender #2025",Unknown,625,86,0,,en,
1170913531259561,"‡≤¶‡≤æ‡≤µ‡≤£‡≤ó‡≥Ü‡≤∞‡≥Ü ‡≤ú‡≤ø‡≤≤‡≥ç‡≤≤‡≥Ü‡≤Ø ‡≤™‡≥ç‡≤∞‡≤µ‡≤æ‡≤∏‡≤ø‡≤§‡≤æ‡≤£‡≤ó‡≤≥ ‡≤∏‡≤Æ‡≤ó‡≥ç‡≤∞ ‡≤Æ‡≤æ‡≤π‡≤ø‡≤§‡≤ø‡≤Ø‡≥ä‡≤Ç‡≤¶‡≤ø‡≤ó‡≥Ü ‡≤∏‡≤ø‡≤¶‡≥ç‡≤¶‡≤™‡≤°‡≤ø‡≤∏‡≤≤‡≤æ‡≤¶ ‡≤®‡≥Ç‡≤§‡≤® 2025 ‡≤∞ ‡≤ï‡≥ç‡≤Ø‡≤æ‡≤≤‡≥Ü‡≤Ç‡≤°‡≤∞‡≥ç...
#NammaPrabha #MPOfDavangere #calender #2025",Unknown,625,86,0,‡≤é‡≤≤‡≥ç‡≤≤‡≤ø ‡≤∏‡≤ø‡≤ó‡≥Å‡≤§‡≥ç‡≤§‡≥Ü ‡≤µ‡≤ø‡≤≥‡≤æ‡≤∏ ‡≤§‡≤ø‡≤≥‡≤ø‡≤∏‡≤ø,kn,Where can I get it? Please tell me the address.
1170913531259561,"‡≤¶‡≤æ‡≤µ‡≤£‡≤ó‡≥Ü‡≤∞‡≥Ü ‡≤ú‡≤ø‡≤≤‡≥ç‡≤≤‡≥Ü‡≤Ø ‡≤™‡≥ç‡≤∞‡≤µ‡≤æ‡≤∏‡≤ø‡≤§‡≤æ‡≤£‡≤ó‡≤≥ ‡≤∏‡≤Æ‡≤ó‡≥ç‡≤∞ ‡≤Æ‡≤æ‡≤π‡≤ø‡≤§‡≤ø‡≤Ø‡≥ä‡≤Ç‡≤¶‡≤ø‡≤ó‡≥Ü ‡≤∏‡≤ø‡≤¶‡≥ç‡≤¶‡≤™‡≤°‡≤ø‡≤∏‡≤≤‡≤æ‡≤¶ ‡≤®‡≥Ç‡≤§‡≤® 2025 ‡≤∞ ‡≤ï‡≥ç‡≤Ø‡≤æ‡≤≤‡≥Ü‡≤Ç‡≤°‡≤∞‡≥ç...
#NammaPrabha #MPOfDavangere #calender #2025",Unknown,625,86,0,‡≤π‡≥ä‡≤∏ ‡≤µ‡≤∞‡≥ç‡≤∑‡≤¶ ‡≤∂‡≥Å‡≤≠‡≤æ‡≤∑‡≤Ø‡≤ó‡≤≥‡≥Å ‡≤Æ‡≥á‡≤°‡≤Ç ‡≤π‡≥ä‡≤∏ ‡≤µ‡≤∞‡≥ç‡≤∑‡≤¶‡≤≤‡≥ç‡≤≤‡≤ø ‡≤π‡≥ä‡≤∏ ‡≤Ü‡≤≤‡≥ã‡≤ö‡≤®‡≥Ü‡≤Ø‡≥ä‡≤Ç‡≤¶‡≤ø‡≤ó‡≥Ü ‡≤ï‡≥ç‡≤∑‡≥á‡≤§‡≥ç‡≤∞‡≤¶ ‡≤Ö‡≤≠‡≤ø‡≤µ‡≥É‡≤¶‡≥ç‡≤ß‡≤ø ‡≤Ü‡≤ó‡≤≤‡≤ø üëèüëèüëèüëèüëèüëè,kn,"Happy New Year Madam, may the field develop with new ideas in the new year."
1170913531259561,"‡≤¶‡≤æ‡≤µ‡≤£‡≤ó‡≥Ü‡≤∞‡≥Ü ‡≤ú‡≤ø‡≤≤‡≥ç‡≤≤‡≥Ü‡≤Ø ‡≤™‡≥ç‡≤∞‡≤µ‡≤æ‡≤∏‡≤ø‡≤§‡≤æ‡≤£‡≤ó‡≤≥ ‡≤∏‡≤Æ‡≤ó‡≥ç‡≤∞ ‡≤Æ‡≤æ‡≤π‡≤ø‡≤§‡≤ø‡≤Ø‡≥ä‡≤Ç‡≤¶‡≤ø‡≤ó‡≥Ü ‡≤∏‡≤ø‡≤¶‡≥ç‡≤¶‡≤™‡≤°‡≤ø‡≤∏‡≤≤‡≤æ‡≤¶ ‡≤®‡≥Ç‡≤§‡≤® 2025 ‡≤∞ ‡≤ï‡≥ç‡≤Ø‡≤æ‡≤≤‡≥Ü‡≤Ç‡≤°‡≤∞‡≥ç...
#NammaPrabha #MPOfDavangere #calender #2025",Unknown,625,86,0,,en,
1170913531259561,"‡≤¶‡≤æ‡≤µ‡≤£‡≤ó‡≥Ü‡≤∞‡≥Ü ‡≤ú‡≤ø‡≤≤‡≥ç‡≤≤‡≥Ü‡≤Ø ‡≤™‡≥ç‡≤∞‡≤µ‡≤æ‡≤∏‡≤ø‡≤§‡≤æ‡≤£‡≤ó‡≤≥ ‡≤∏‡≤Æ‡≤ó‡≥ç‡≤∞ ‡≤Æ‡≤æ‡≤π‡≤ø‡≤§‡≤ø‡≤Ø‡≥ä‡≤Ç‡≤¶‡≤ø‡≤ó‡≥Ü ‡≤∏‡≤ø‡≤¶‡≥ç‡≤¶‡≤™‡≤°‡≤ø‡≤∏‡≤≤‡≤æ‡≤¶ ‡≤®‡≥Ç‡≤§‡≤® 2025 ‡≤∞ ‡≤ï‡≥ç‡≤Ø‡≤æ‡≤≤‡≥Ü‡≤Ç‡≤°‡≤∞‡≥ç...
#NammaPrabha #MPOfDavangere #calender #2025",Unknown,625,86,0,‡≤Æ‡≥á‡≤°‡≤Æ‡≥ç ‡≤®‡≤æ‡≤µ‡≥Å ‡≤®‡≤ø‡≤Æ‡≥ç‡≤Æ ‡≤Æ‡≤§‡≥ç‡≤§‡≥Å ‡≤∏‡≤∞‡≥ç ‡≤Ö‡≤≠‡≤ø‡≤Æ‡≤æ‡≤®‡≤ø‡≤ó‡≤≥‡≥Å  ‡≤Æ‡≥á‡≤°‡≤Ç ‡≤®‡≤Æ‡≤ó‡≥Ü ‡≤í‡≤Ç‡≤¶‡≥Å ‡≤ï‡≥ç‡≤Ø‡≤æ‡≤≤‡≥Ü‡≤Ç‡≤°‡≤∞‡≥ç ‡≤∏‡≤ø‡≤ó‡≥Å‡≤§‡≥ç‡≤§‡≤æ ‡≤∞‡≤ø,kn,"Madam, we are your and sir&#39;s fans. Madam, we are getting a calendar."
1170913531259561,"‡≤¶‡≤æ‡≤µ‡≤£‡≤ó‡≥Ü‡≤∞‡≥Ü ‡≤ú‡≤ø‡≤≤‡≥ç‡≤≤‡≥Ü‡≤Ø ‡≤™‡≥ç‡≤∞‡≤µ‡≤æ‡≤∏‡≤ø‡≤§‡≤æ‡≤£‡≤ó‡≤≥ ‡≤∏‡≤Æ‡≤ó‡≥ç‡≤∞ ‡≤Æ‡≤æ‡≤π‡≤ø‡≤§‡≤ø‡≤Ø‡≥ä‡≤Ç‡≤¶‡≤ø‡≤ó‡≥Ü ‡≤∏‡≤ø‡≤¶‡≥ç‡≤¶‡≤™‡≤°‡≤ø‡≤∏‡≤≤‡≤æ‡≤¶ ‡≤®‡≥Ç‡≤§‡≤® 2025 ‡≤∞ ‡≤ï‡≥ç‡≤Ø‡≤æ‡≤≤‡≥Ü‡≤Ç‡≤°‡≤∞‡≥ç...
#NammaPrabha #MPOfDavangere #calender #2025",Unknown,625,86,0,‡≤®‡≤Æ‡≤ó‡≥Ç ‡≤ï‡≥ç‡≤Ø‡≤æ‡≤≤‡≥Ü‡≤Ç‡≤°‡≤∞‡≥ç ‡≤∏‡≤ø‡≤ó‡≤¨‡≤π‡≥Å‡≤¶‡≤æ  9353036536,kn,Can we also get a calendar? 9353036536
1171258714558376,"‡≤π‡≥ä‡≤∏ ‡≤µ‡≤∞‡≥ç‡≤∑‡≤µ‡≥Å ‡≤é‡≤≤‡≥ç‡≤≤‡≤∞ ‡≤¨‡≤æ‡≤≥‡≤ø‡≤®‡≤≤‡≥ç‡≤≤‡≤ø ‡≤π‡≥ä‡≤∏ ‡≤ï‡≤®‡≤∏‡≥Å‡≤ó‡≤≥‡≤ø‡≤ó‡≥Ü ‡≤¨‡≥Ü‡≤≥‡≤ï‡≤æ‡≤ó‡≤ø, ‡≤π‡≥ä‡≤∏ ‡≤™‡≥ç‡≤∞‡≤Ø‡≤§‡≥ç‡≤®‡≤ó‡≤≥‡≤ø‡≤ó‡≥Ü ‡≤∂‡≤ï‡≥ç‡≤§‡≤ø‡≤Ø‡≤æ‡≤ó‡≤≤‡≤ø. 2025 ‡≤∞ ‡≤à ‡≤µ‡≤∞‡≥ç‡≤∑ ‡≤®‡≤ø‡≤Æ‡≥ç‡≤Æ‡≥Ü‡≤≤‡≥ç‡≤≤‡≤∞ ‡≤™‡≥ç‡≤∞‡≤§‡≤ø ‡≤π‡≥Ü‡≤ú‡≥ç‡≤ú‡≥Ü‡≤Ø‡≥Ç ‡≤Ø‡≤∂‡≤∏‡≥ç‡≤∏‡≥Å ‡≤§‡≤∞‡≥Å‡≤µ‡≤Ç‡≤§‡≤æ‡≤ó‡≤≤‡≤ø. ‡≤ú‡≥Ä‡≤µ‡≤®‡≤¶‡≤≤‡≥ç‡≤≤‡≤ø ‡≤∂‡≤æ‡≤Ç‡≤§‡≤ø,‡≤∏‡≤Æ‡≥É‡≤¶‡≥ç‡≤¶‡≤ø, ‡≤Ü‡≤∞‡≥ã‡≤ó‡≥ç‡≤Ø ‡≤π‡≥Ü‡≤ö‡≥ç‡≤ö‡≤æ‡≤ó‡≤≤‡≤ø.... 
‡≤é‡≤≤‡≥ç‡≤≤‡≤∞‡≤ø‡≤ó‡≥Ç ‡≤π‡≥ä‡≤∏ ‡≤µ‡≤∞‡≥ç‡≤∑‡≤¶ ‡≤π‡≤æ‡≤∞‡≥ç‡≤¶‡≤ø‡≤ï ‡≤∂‡≥Å‡≤≠‡≤æ‡≤∂‡≤Ø‡≤ó‡≤≥‡≥Å.....
#NammaPrabha #MPOfDavangere #newyear #2025",Unknown,480,18,0,Wish u Happy new year mam,en,Wish u Happy new year mam
1171258714558376,"‡≤π‡≥ä‡≤∏ ‡≤µ‡≤∞‡≥ç‡≤∑‡≤µ‡≥Å ‡≤é‡≤≤‡≥ç‡≤≤‡≤∞ ‡≤¨‡≤æ‡≤≥‡≤ø‡≤®‡≤≤‡≥ç‡≤≤‡≤ø ‡≤π‡≥ä‡≤∏ ‡≤ï‡≤®‡≤∏‡≥Å‡≤ó‡≤≥‡≤ø‡≤ó‡≥Ü ‡≤¨‡≥Ü‡≤≥‡≤ï‡≤æ‡≤ó‡≤ø, ‡≤π‡≥ä‡≤∏ ‡≤™‡≥ç‡≤∞‡≤Ø‡≤§‡≥ç‡≤®‡≤ó‡≤≥‡≤ø‡≤ó‡≥Ü ‡≤∂‡≤ï‡≥ç‡≤§‡≤ø‡≤Ø‡≤æ‡≤ó‡≤≤‡≤ø. 2025 ‡≤∞ ‡≤à ‡≤µ‡≤∞‡≥ç‡≤∑ ‡≤®‡≤ø‡≤Æ‡≥ç‡≤Æ‡≥Ü‡≤≤‡≥ç‡≤≤‡≤∞ ‡≤™‡≥ç‡≤∞‡≤§‡≤ø ‡≤π‡≥Ü‡≤ú‡≥ç‡≤ú‡≥Ü‡≤Ø‡≥Ç ‡≤Ø‡≤∂‡≤∏‡≥ç‡≤∏‡≥Å ‡≤§‡≤∞‡≥Å‡≤µ‡≤Ç‡≤§‡≤æ‡≤ó‡≤≤‡≤ø. ‡≤ú‡≥Ä‡≤µ‡≤®‡≤¶‡≤≤‡≥ç‡≤≤‡≤ø ‡≤∂‡≤æ‡≤Ç‡≤§‡≤ø,‡≤∏‡≤Æ‡≥É‡≤¶‡≥ç‡≤¶‡≤ø, ‡≤Ü‡≤∞‡≥ã‡≤ó‡≥ç‡≤Ø ‡≤π‡≥Ü‡≤ö‡≥ç‡≤ö‡≤æ‡≤ó‡≤≤‡≤ø.... 
‡≤é‡≤≤‡≥ç‡≤≤‡≤∞‡≤ø‡≤ó‡≥Ç ‡≤π‡≥ä‡≤∏ ‡≤µ‡≤∞‡≥ç‡≤∑‡≤¶ ‡≤π‡≤æ‡≤∞‡≥ç‡≤¶‡≤ø‡≤ï ‡≤∂‡≥Å‡≤≠‡≤æ‡≤∂‡≤Ø‡≤ó‡≤≥‡≥Å.....
#NammaPrabha #MPOfDavangere #newyear #2025",Unknown,480,18,0,Happy New Year Medam,en,Happy New Year Medam
1171258714558376,"‡≤π‡≥ä‡≤∏ ‡≤µ‡≤∞‡≥ç‡≤∑‡≤µ‡≥Å ‡≤é‡≤≤‡≥ç‡≤≤‡≤∞ ‡≤¨‡≤æ‡≤≥‡≤ø‡≤®‡≤≤‡≥ç‡≤≤‡≤ø ‡≤π‡≥ä‡≤∏ ‡≤ï‡≤®‡≤∏‡≥Å‡≤ó‡≤≥‡≤ø‡≤ó‡≥Ü ‡≤¨‡≥Ü‡≤≥‡≤ï‡≤æ‡≤ó‡≤ø, ‡≤π‡≥ä‡≤∏ ‡≤™‡≥ç‡≤∞‡≤Ø‡≤§‡≥ç‡≤®‡≤ó‡≤≥‡≤ø‡≤ó‡≥Ü ‡≤∂‡≤ï‡≥ç‡≤§‡≤ø‡≤Ø‡≤æ‡≤ó‡≤≤‡≤ø. 2025 ‡≤∞ ‡≤à ‡≤µ‡≤∞‡≥ç‡≤∑ ‡≤®‡≤ø‡≤Æ‡≥ç‡≤Æ‡≥Ü‡≤≤‡≥ç‡≤≤‡≤∞ ‡≤™‡≥ç‡≤∞‡≤§‡≤ø ‡≤π‡≥Ü‡≤ú‡≥ç‡≤ú‡≥Ü‡≤Ø‡≥Ç ‡≤Ø‡≤∂‡≤∏‡≥ç‡≤∏‡≥Å ‡≤§‡≤∞‡≥Å‡≤µ‡≤Ç‡≤§‡≤æ‡≤ó‡≤≤‡≤ø. ‡≤ú‡≥Ä‡≤µ‡≤®‡≤¶‡≤≤‡≥ç‡≤≤‡≤ø ‡≤∂‡≤æ‡≤Ç‡≤§‡≤ø,‡≤∏‡≤Æ‡≥É‡≤¶‡≥ç‡≤¶‡≤ø, ‡≤Ü‡≤∞‡≥ã‡≤ó‡≥ç‡≤Ø ‡≤π‡≥Ü‡≤ö‡≥ç‡≤ö‡≤æ‡≤ó‡≤≤‡≤ø.... 
‡≤é‡≤≤‡≥ç‡≤≤‡≤∞‡≤ø‡≤ó‡≥Ç ‡≤π‡≥ä‡≤∏ ‡≤µ‡≤∞‡≥ç‡≤∑‡≤¶ ‡≤π‡≤æ‡≤∞‡≥ç‡≤¶‡≤ø‡≤ï ‡≤∂‡≥Å‡≤≠‡≤æ‡≤∂‡≤Ø‡≤ó‡≤≥‡≥Å.....
#NammaPrabha #MPOfDavangere #newyear #2025",Unknown,480,18,0,Happy New Year Mam,en,Happy New Year Mam
1171258714558376,"‡≤π‡≥ä‡≤∏ ‡≤µ‡≤∞‡≥ç‡≤∑‡≤µ‡≥Å ‡≤é‡≤≤‡≥ç‡≤≤‡≤∞ ‡≤¨‡≤æ‡≤≥‡≤ø‡≤®‡≤≤‡≥ç‡≤≤‡≤ø ‡≤π‡≥ä‡≤∏ ‡≤ï‡≤®‡≤∏‡≥Å‡≤ó‡≤≥‡≤ø‡≤ó‡≥Ü ‡≤¨‡≥Ü‡≤≥‡≤ï‡≤æ‡≤ó‡≤ø, ‡≤π‡≥ä‡≤∏ ‡≤™‡≥ç‡≤∞‡≤Ø‡≤§‡≥ç‡≤®‡≤ó‡≤≥‡≤ø‡≤ó‡≥Ü ‡≤∂‡≤ï‡≥ç‡≤§‡≤ø‡≤Ø‡≤æ‡≤ó‡≤≤‡≤ø. 2025 ‡≤∞ ‡≤à ‡≤µ‡≤∞‡≥ç‡≤∑ ‡≤®‡≤ø‡≤Æ‡≥ç‡≤Æ‡≥Ü‡≤≤‡≥ç‡≤≤‡≤∞ ‡≤™‡≥ç‡≤∞‡≤§‡≤ø ‡≤π‡≥Ü‡≤ú‡≥ç‡≤ú‡≥Ü‡≤Ø‡≥Ç ‡≤Ø‡≤∂‡≤∏‡≥ç‡≤∏‡≥Å ‡≤§‡≤∞‡≥Å‡≤µ‡≤Ç‡≤§‡≤æ‡≤ó‡≤≤‡≤ø. ‡≤ú‡≥Ä‡≤µ‡≤®‡≤¶‡≤≤‡≥ç‡≤≤‡≤ø ‡≤∂‡≤æ‡≤Ç‡≤§‡≤ø,‡≤∏‡≤Æ‡≥É‡≤¶‡≥ç‡≤¶‡≤ø, ‡≤Ü‡≤∞‡≥ã‡≤ó‡≥ç‡≤Ø ‡≤π‡≥Ü‡≤ö‡≥ç‡≤ö‡≤æ‡≤ó‡≤≤‡≤ø.... 
‡≤é‡≤≤‡≥ç‡≤≤‡≤∞‡≤ø‡≤ó‡≥Ç ‡≤π‡≥ä‡≤∏ ‡≤µ‡≤∞‡≥ç‡≤∑‡≤¶ ‡≤π‡≤æ‡≤∞‡≥ç‡≤¶‡≤ø‡≤ï ‡≤∂‡≥Å‡≤≠‡≤æ‡≤∂‡≤Ø‡≤ó‡≤≥‡≥Å.....
#NammaPrabha #MPOfDavangere #newyear #2025",Unknown,480,18,0,Happy new year 2025,en,Happy new year 2025
1171258714558376,"‡≤π‡≥ä‡≤∏ ‡≤µ‡≤∞‡≥ç‡≤∑‡≤µ‡≥Å ‡≤é‡≤≤‡≥ç‡≤≤‡≤∞ ‡≤¨‡≤æ‡≤≥‡≤ø‡≤®‡≤≤‡≥ç‡≤≤‡≤ø ‡≤π‡≥ä‡≤∏ ‡≤ï‡≤®‡≤∏‡≥Å‡≤ó‡≤≥‡≤ø‡≤ó‡≥Ü ‡≤¨‡≥Ü‡≤≥‡≤ï‡≤æ‡≤ó‡≤ø, ‡≤π‡≥ä‡≤∏ ‡≤™‡≥ç‡≤∞‡≤Ø‡≤§‡≥ç‡≤®‡≤ó‡≤≥‡≤ø‡≤ó‡≥Ü ‡≤∂‡≤ï‡≥ç‡≤§‡≤ø‡≤Ø‡≤æ‡≤ó‡≤≤‡≤ø. 2025 ‡≤∞ ‡≤à ‡≤µ‡≤∞‡≥ç‡≤∑ ‡≤®‡≤ø‡≤Æ‡≥ç‡≤Æ‡≥Ü‡≤≤‡≥ç‡≤≤‡≤∞ ‡≤™‡≥ç‡≤∞‡≤§‡≤ø ‡≤π‡≥Ü‡≤ú‡≥ç‡≤ú‡≥Ü‡≤Ø‡≥Ç ‡≤Ø‡≤∂‡≤∏‡≥ç‡≤∏‡≥Å ‡≤§‡≤∞‡≥Å‡≤µ‡≤Ç‡≤§‡≤æ‡≤ó‡≤≤‡≤ø. ‡≤ú‡≥Ä‡≤µ‡≤®‡≤¶‡≤≤‡≥ç‡≤≤‡≤ø ‡≤∂‡≤æ‡≤Ç‡≤§‡≤ø,‡≤∏‡≤Æ‡≥É‡≤¶‡≥ç‡≤¶‡≤ø, ‡≤Ü‡≤∞‡≥ã‡≤ó‡≥ç‡≤Ø ‡≤π‡≥Ü‡≤ö‡≥ç‡≤ö‡≤æ‡≤ó‡≤≤‡≤ø.... 
‡≤é‡≤≤‡≥ç‡≤≤‡≤∞‡≤ø‡≤ó‡≥Ç ‡≤π‡≥ä‡≤∏ ‡≤µ‡≤∞‡≥ç‡≤∑‡≤¶ ‡≤π‡≤æ‡≤∞‡≥ç‡≤¶‡≤ø‡≤ï ‡≤∂‡≥Å‡≤≠‡≤æ‡≤∂‡≤Ø‡≤ó‡≤≥‡≥Å.....
#NammaPrabha #MPOfDavangere #newyear #2025",Unknown,480,18,0,Happy new year mam,en,Happy new year mam
1171173664566881,"Life is a symphony of moments. Play your part with passion, purpose, and precision.
#NammaPrabha #MPOfDavangere
#ForThePeople #PrabhaForThePeople
#VoiceOfDavangere #DevelopmentForAll
#Davangere #IndianNationalCongress
#INC #Karnataka",Unknown,795,12,0,Good wishes for the happy new year 2025,en,Good wishes for the happy new year 2025
1171173664566881,"Life is a symphony of moments. Play your part with passion, purpose, and precision.
#NammaPrabha #MPOfDavangere
#ForThePeople #PrabhaForThePeople
#VoiceOfDavangere #DevelopmentForAll
#Davangere #IndianNationalCongress
#INC #Karnataka",Unknown,795,12,0,Happy new year in advance,en,Happy new year in advance
1171173664566881,"Life is a symphony of moments. Play your part with passion, purpose, and precision.
#NammaPrabha #MPOfDavangere
#ForThePeople #PrabhaForThePeople
#VoiceOfDavangere #DevelopmentForAll
#Davangere #IndianNationalCongress
#INC #Karnataka",Unknown,795,12,0,Happy New year mam,en,Happy New year mam
1171173664566881,"Life is a symphony of moments. Play your part with passion, purpose, and precision.
#NammaPrabha #MPOfDavangere
#ForThePeople #PrabhaForThePeople
#VoiceOfDavangere #DevelopmentForAll
#Davangere #IndianNationalCongress
#INC #Karnataka",Unknown,795,12,1,wish Happy New year.akka,en,wish Happy New year.akka
1171173664566881,"Life is a symphony of moments. Play your part with passion, purpose, and precision.
#NammaPrabha #MPOfDavangere
#ForThePeople #PrabhaForThePeople
#VoiceOfDavangere #DevelopmentForAll
#Davangere #IndianNationalCongress
#INC #Karnataka",Unknown,795,12,0,Happy new year üéâüéâüéâ Akka,en,Happy new year Akka
1171173664566881,"Life is a symphony of moments. Play your part with passion, purpose, and precision.
#NammaPrabha #MPOfDavangere
#ForThePeople #PrabhaForThePeople
#VoiceOfDavangere #DevelopmentForAll
#Davangere #IndianNationalCongress
#INC #Karnataka",Unknown,795,12,0,Happy new year medeum jii saa,din,Happy New Year to you
1171173664566881,"Life is a symphony of moments. Play your part with passion, purpose, and precision.
#NammaPrabha #MPOfDavangere
#ForThePeople #PrabhaForThePeople
#VoiceOfDavangere #DevelopmentForAll
#Davangere #IndianNationalCongress
#INC #Karnataka",Unknown,795,12,0,Happy New year madam,en,Happy New year madam
1171173664566881,"Life is a symphony of moments. Play your part with passion, purpose, and precision.
#NammaPrabha #MPOfDavangere
#ForThePeople #PrabhaForThePeople
#VoiceOfDavangere #DevelopmentForAll
#Davangere #IndianNationalCongress
#INC #Karnataka",Unknown,795,12,0,Happy New Year Madam üôèüôè,en,Happy New Year Madam
1170913531259561,"‡≤¶‡≤æ‡≤µ‡≤£‡≤ó‡≥Ü‡≤∞‡≥Ü ‡≤ú‡≤ø‡≤≤‡≥ç‡≤≤‡≥Ü‡≤Ø ‡≤™‡≥ç‡≤∞‡≤µ‡≤æ‡≤∏‡≤ø‡≤§‡≤æ‡≤£‡≤ó‡≤≥ ‡≤∏‡≤Æ‡≤ó‡≥ç‡≤∞ ‡≤Æ‡≤æ‡≤π‡≤ø‡≤§‡≤ø‡≤Ø‡≥ä‡≤Ç‡≤¶‡≤ø‡≤ó‡≥Ü ‡≤∏‡≤ø‡≤¶‡≥ç‡≤¶‡≤™‡≤°‡≤ø‡≤∏‡≤≤‡≤æ‡≤¶ ‡≤®‡≥Ç‡≤§‡≤® 2025 ‡≤∞ ‡≤ï‡≥ç‡≤Ø‡≤æ‡≤≤‡≥Ü‡≤Ç‡≤°‡≤∞‡≥ç...
#NammaPrabha #MPOfDavangere #calender #2025",Unknown,625,86,0,üôèüôèüôèüôèüôèüôèüôè,en,
1170913531259561,"‡≤¶‡≤æ‡≤µ‡≤£‡≤ó‡≥Ü‡≤∞‡≥Ü ‡≤ú‡≤ø‡≤≤‡≥ç‡≤≤‡≥Ü‡≤Ø ‡≤™‡≥ç‡≤∞‡≤µ‡≤æ‡≤∏‡≤ø‡≤§‡≤æ‡≤£‡≤ó‡≤≥ ‡≤∏‡≤Æ‡≤ó‡≥ç‡≤∞ ‡≤Æ‡≤æ‡≤π‡≤ø‡≤§‡≤ø‡≤Ø‡≥ä‡≤Ç‡≤¶‡≤ø‡≤ó‡≥Ü ‡≤∏‡≤ø‡≤¶‡≥ç‡≤¶‡≤™‡≤°‡≤ø‡≤∏‡≤≤‡≤æ‡≤¶ ‡≤®‡≥Ç‡≤§‡≤® 2025 ‡≤∞ ‡≤ï‡≥ç‡≤Ø‡≤æ‡≤≤‡≥Ü‡≤Ç‡≤°‡≤∞‡≥ç...
#NammaPrabha #MPOfDavangere #calender #2025",Unknown,625,86,0,üëç,en,
1170913531259561,"‡≤¶‡≤æ‡≤µ‡≤£‡≤ó‡≥Ü‡≤∞‡≥Ü ‡≤ú‡≤ø‡≤≤‡≥ç‡≤≤‡≥Ü‡≤Ø ‡≤™‡≥ç‡≤∞‡≤µ‡≤æ‡≤∏‡≤ø‡≤§‡≤æ‡≤£‡≤ó‡≤≥ ‡≤∏‡≤Æ‡≤ó‡≥ç‡≤∞ ‡≤Æ‡≤æ‡≤π‡≤ø‡≤§‡≤ø‡≤Ø‡≥ä‡≤Ç‡≤¶‡≤ø‡≤ó‡≥Ü ‡≤∏‡≤ø‡≤¶‡≥ç‡≤¶‡≤™‡≤°‡≤ø‡≤∏‡≤≤‡≤æ‡≤¶ ‡≤®‡≥Ç‡≤§‡≤® 2025 ‡≤∞ ‡≤ï‡≥ç‡≤Ø‡≤æ‡≤≤‡≥Ü‡≤Ç‡≤°‡≤∞‡≥ç...
#NammaPrabha #MPOfDavangere #calender #2025",Unknown,625,86,0,,en,
1170913531259561,"‡≤¶‡≤æ‡≤µ‡≤£‡≤ó‡≥Ü‡≤∞‡≥Ü ‡≤ú‡≤ø‡≤≤‡≥ç‡≤≤‡≥Ü‡≤Ø ‡≤™‡≥ç‡≤∞‡≤µ‡≤æ‡≤∏‡≤ø‡≤§‡≤æ‡≤£‡≤ó‡≤≥ ‡≤∏‡≤Æ‡≤ó‡≥ç‡≤∞ ‡≤Æ‡≤æ‡≤π‡≤ø‡≤§‡≤ø‡≤Ø‡≥ä‡≤Ç‡≤¶‡≤ø‡≤ó‡≥Ü ‡≤∏‡≤ø‡≤¶‡≥ç‡≤¶‡≤™‡≤°‡≤ø‡≤∏‡≤≤‡≤æ‡≤¶ ‡≤®‡≥Ç‡≤§‡≤® 2025 ‡≤∞ ‡≤ï‡≥ç‡≤Ø‡≤æ‡≤≤‡≥Ü‡≤Ç‡≤°‡≤∞‡≥ç...
#NammaPrabha #MPOfDavangere #calender #2025",Unknown,625,86,0,,en,
1170913531259561,"‡≤¶‡≤æ‡≤µ‡≤£‡≤ó‡≥Ü‡≤∞‡≥Ü ‡≤ú‡≤ø‡≤≤‡≥ç‡≤≤‡≥Ü‡≤Ø ‡≤™‡≥ç‡≤∞‡≤µ‡≤æ‡≤∏‡≤ø‡≤§‡≤æ‡≤£‡≤ó‡≤≥ ‡≤∏‡≤Æ‡≤ó‡≥ç‡≤∞ ‡≤Æ‡≤æ‡≤π‡≤ø‡≤§‡≤ø‡≤Ø‡≥ä‡≤Ç‡≤¶‡≤ø‡≤ó‡≥Ü ‡≤∏‡≤ø‡≤¶‡≥ç‡≤¶‡≤™‡≤°‡≤ø‡≤∏‡≤≤‡≤æ‡≤¶ ‡≤®‡≥Ç‡≤§‡≤® 2025 ‡≤∞ ‡≤ï‡≥ç‡≤Ø‡≤æ‡≤≤‡≥Ü‡≤Ç‡≤°‡≤∞‡≥ç...
#NammaPrabha #MPOfDavangere #calender #2025",Unknown,625,86,0,,en,
1170913531259561,"‡≤¶‡≤æ‡≤µ‡≤£‡≤ó‡≥Ü‡≤∞‡≥Ü ‡≤ú‡≤ø‡≤≤‡≥ç‡≤≤‡≥Ü‡≤Ø ‡≤™‡≥ç‡≤∞‡≤µ‡≤æ‡≤∏‡≤ø‡≤§‡≤æ‡≤£‡≤ó‡≤≥ ‡≤∏‡≤Æ‡≤ó‡≥ç‡≤∞ ‡≤Æ‡≤æ‡≤π‡≤ø‡≤§‡≤ø‡≤Ø‡≥ä‡≤Ç‡≤¶‡≤ø‡≤ó‡≥Ü ‡≤∏‡≤ø‡≤¶‡≥ç‡≤¶‡≤™‡≤°‡≤ø‡≤∏‡≤≤‡≤æ‡≤¶ ‡≤®‡≥Ç‡≤§‡≤® 2025 ‡≤∞ ‡≤ï‡≥ç‡≤Ø‡≤æ‡≤≤‡≥Ü‡≤Ç‡≤°‡≤∞‡≥ç...
#NammaPrabha #MPOfDavangere #calender #2025",Unknown,625,86,0,‡≤®‡≤®‡≤ó‡≥Å ‡≤ï‡≤≥‡≥Ü‡≤∏‡≥Ä ‡≤Æ‡≤æ‡≤°‡≥Ü‡≤Æ‡≥ç,kn,I will not be disturbed.
1170913531259561,"‡≤¶‡≤æ‡≤µ‡≤£‡≤ó‡≥Ü‡≤∞‡≥Ü ‡≤ú‡≤ø‡≤≤‡≥ç‡≤≤‡≥Ü‡≤Ø ‡≤™‡≥ç‡≤∞‡≤µ‡≤æ‡≤∏‡≤ø‡≤§‡≤æ‡≤£‡≤ó‡≤≥ ‡≤∏‡≤Æ‡≤ó‡≥ç‡≤∞ ‡≤Æ‡≤æ‡≤π‡≤ø‡≤§‡≤ø‡≤Ø‡≥ä‡≤Ç‡≤¶‡≤ø‡≤ó‡≥Ü ‡≤∏‡≤ø‡≤¶‡≥ç‡≤¶‡≤™‡≤°‡≤ø‡≤∏‡≤≤‡≤æ‡≤¶ ‡≤®‡≥Ç‡≤§‡≤® 2025 ‡≤∞ ‡≤ï‡≥ç‡≤Ø‡≤æ‡≤≤‡≥Ü‡≤Ç‡≤°‡≤∞‡≥ç...
#NammaPrabha #MPOfDavangere #calender #2025",Unknown,625,86,0,"‡≤ö‡≤®‡≥ç‡≤®‡≤ó‡≤ø‡≤∞‡≤ø ‡≤ï‡≥ã‡≤ü‡≥Ü ‡≤ï‡≥Ç‡≤° ‡≤í‡≤Ç‡≤¶‡≥Å ‡≤™‡≥ç‡≤∞‡≤µ‡≤æ‡≤∏‡≤ø ‡≤§‡≤æ‡≤£ 
‡≤ö‡≥Ü‡≤®‡≥ç‡≤®‡≤Æ‡≥ç‡≤Æ‡≤æ‡≤ú‡≤ø ‡≤ï‡≥ã‡≤ü‡≥Ü",kn,Channagiri Fort is also a tourist destination. Chennammaji Fort
1170913531259561,"‡≤¶‡≤æ‡≤µ‡≤£‡≤ó‡≥Ü‡≤∞‡≥Ü ‡≤ú‡≤ø‡≤≤‡≥ç‡≤≤‡≥Ü‡≤Ø ‡≤™‡≥ç‡≤∞‡≤µ‡≤æ‡≤∏‡≤ø‡≤§‡≤æ‡≤£‡≤ó‡≤≥ ‡≤∏‡≤Æ‡≤ó‡≥ç‡≤∞ ‡≤Æ‡≤æ‡≤π‡≤ø‡≤§‡≤ø‡≤Ø‡≥ä‡≤Ç‡≤¶‡≤ø‡≤ó‡≥Ü ‡≤∏‡≤ø‡≤¶‡≥ç‡≤¶‡≤™‡≤°‡≤ø‡≤∏‡≤≤‡≤æ‡≤¶ ‡≤®‡≥Ç‡≤§‡≤® 2025 ‡≤∞ ‡≤ï‡≥ç‡≤Ø‡≤æ‡≤≤‡≥Ü‡≤Ç‡≤°‡≤∞‡≥ç...
#NammaPrabha #MPOfDavangere #calender #2025",Unknown,625,86,0,‡≤Æ‡≥á‡≤°‡≤Ç ‡≤™‡≥ç‡≤∞‡≤•‡≤Æ ‡≤∏‡≥ç‡≤•‡≤æ‡≤®‡≤µ‡≤®‡≥ç‡≤®‡≥Å ‡≤™‡≤°‡≥Ü‡≤Ø‡≤¨‡≥á‡≤ï‡≤æ‡≤ó‡≤ø‡≤¶‡≥ç‡≤¶‡≥Å ‡≤ê‡≤§‡≤ø‡≤π‡≤æ‡≤∏‡≤ø‡≤ï ‡≤™‡≥Å‡≤∑‡≥ç‡≤ï‡≤∞‡≤£‡≤ø ‡≤∏‡≤Ç‡≤§‡≥Ü‡≤¨‡≥Ü‡≤®‡≥ç‡≤®‡≥Ç‡≤∞‡≥Å.,kn,"Madam, the first place should be taken by the historical Pushkarani Santhebennur."
1170913531259561,"‡≤¶‡≤æ‡≤µ‡≤£‡≤ó‡≥Ü‡≤∞‡≥Ü ‡≤ú‡≤ø‡≤≤‡≥ç‡≤≤‡≥Ü‡≤Ø ‡≤™‡≥ç‡≤∞‡≤µ‡≤æ‡≤∏‡≤ø‡≤§‡≤æ‡≤£‡≤ó‡≤≥ ‡≤∏‡≤Æ‡≤ó‡≥ç‡≤∞ ‡≤Æ‡≤æ‡≤π‡≤ø‡≤§‡≤ø‡≤Ø‡≥ä‡≤Ç‡≤¶‡≤ø‡≤ó‡≥Ü ‡≤∏‡≤ø‡≤¶‡≥ç‡≤¶‡≤™‡≤°‡≤ø‡≤∏‡≤≤‡≤æ‡≤¶ ‡≤®‡≥Ç‡≤§‡≤® 2025 ‡≤∞ ‡≤ï‡≥ç‡≤Ø‡≤æ‡≤≤‡≥Ü‡≤Ç‡≤°‡≤∞‡≥ç...
#NammaPrabha #MPOfDavangere #calender #2025",Unknown,625,86,0,üëåüëåüëçüëçüíêüíê,en,
1171173664566881,"Life is a symphony of moments. Play your part with passion, purpose, and precision.
#NammaPrabha #MPOfDavangere
#ForThePeople #PrabhaForThePeople
#VoiceOfDavangere #DevelopmentForAll
#Davangere #IndianNationalCongress
#INC #Karnataka",Unknown,795,12,0,Wishu happy new year akka,om,Wishu happy new year like
1171173664566881,"Life is a symphony of moments. Play your part with passion, purpose, and precision.
#NammaPrabha #MPOfDavangere
#ForThePeople #PrabhaForThePeople
#VoiceOfDavangere #DevelopmentForAll
#Davangere #IndianNationalCongress
#INC #Karnataka",Unknown,795,12,0,Wish  Happy  New  Year  m. P. akka,en,Wish Happy New Year m. P. akka
1171173664566881,"Life is a symphony of moments. Play your part with passion, purpose, and precision.
#NammaPrabha #MPOfDavangere
#ForThePeople #PrabhaForThePeople
#VoiceOfDavangere #DevelopmentForAll
#Davangere #IndianNationalCongress
#INC #Karnataka",Unknown,795,12,0,Happy new year,en,Happy new year
1171173664566881,"Life is a symphony of moments. Play your part with passion, purpose, and precision.
#NammaPrabha #MPOfDavangere
#ForThePeople #PrabhaForThePeople
#VoiceOfDavangere #DevelopmentForAll
#Davangere #IndianNationalCongress
#INC #Karnataka",Unknown,795,12,0,"Happy new year madam 
üôèüôèüåπüåπüíêüíêüôèüôè",en,Happy new year madam
1171173664566881,"Life is a symphony of moments. Play your part with passion, purpose, and precision.
#NammaPrabha #MPOfDavangere
#ForThePeople #PrabhaForThePeople
#VoiceOfDavangere #DevelopmentForAll
#Davangere #IndianNationalCongress
#INC #Karnataka",Unknown,795,12,0,Happy New year,en,Happy New year
1171173664566881,"Life is a symphony of moments. Play your part with passion, purpose, and precision.
#NammaPrabha #MPOfDavangere
#ForThePeople #PrabhaForThePeople
#VoiceOfDavangere #DevelopmentForAll
#Davangere #IndianNationalCongress
#INC #Karnataka",Unknown,795,12,0,Jai prabamma,lt,She&#39;s fine.
1171173664566881,"Life is a symphony of moments. Play your part with passion, purpose, and precision.
#NammaPrabha #MPOfDavangere
#ForThePeople #PrabhaForThePeople
#VoiceOfDavangere #DevelopmentForAll
#Davangere #IndianNationalCongress
#INC #Karnataka",Unknown,795,12,0,Happy new year Madamüíêüíêüíê,en,Happy new year Madam
1171258714558376,"‡≤π‡≥ä‡≤∏ ‡≤µ‡≤∞‡≥ç‡≤∑‡≤µ‡≥Å ‡≤é‡≤≤‡≥ç‡≤≤‡≤∞ ‡≤¨‡≤æ‡≤≥‡≤ø‡≤®‡≤≤‡≥ç‡≤≤‡≤ø ‡≤π‡≥ä‡≤∏ ‡≤ï‡≤®‡≤∏‡≥Å‡≤ó‡≤≥‡≤ø‡≤ó‡≥Ü ‡≤¨‡≥Ü‡≤≥‡≤ï‡≤æ‡≤ó‡≤ø, ‡≤π‡≥ä‡≤∏ ‡≤™‡≥ç‡≤∞‡≤Ø‡≤§‡≥ç‡≤®‡≤ó‡≤≥‡≤ø‡≤ó‡≥Ü ‡≤∂‡≤ï‡≥ç‡≤§‡≤ø‡≤Ø‡≤æ‡≤ó‡≤≤‡≤ø. 2025 ‡≤∞ ‡≤à ‡≤µ‡≤∞‡≥ç‡≤∑ ‡≤®‡≤ø‡≤Æ‡≥ç‡≤Æ‡≥Ü‡≤≤‡≥ç‡≤≤‡≤∞ ‡≤™‡≥ç‡≤∞‡≤§‡≤ø ‡≤π‡≥Ü‡≤ú‡≥ç‡≤ú‡≥Ü‡≤Ø‡≥Ç ‡≤Ø‡≤∂‡≤∏‡≥ç‡≤∏‡≥Å ‡≤§‡≤∞‡≥Å‡≤µ‡≤Ç‡≤§‡≤æ‡≤ó‡≤≤‡≤ø. ‡≤ú‡≥Ä‡≤µ‡≤®‡≤¶‡≤≤‡≥ç‡≤≤‡≤ø ‡≤∂‡≤æ‡≤Ç‡≤§‡≤ø,‡≤∏‡≤Æ‡≥É‡≤¶‡≥ç‡≤¶‡≤ø, ‡≤Ü‡≤∞‡≥ã‡≤ó‡≥ç‡≤Ø ‡≤π‡≥Ü‡≤ö‡≥ç‡≤ö‡≤æ‡≤ó‡≤≤‡≤ø.... 
‡≤é‡≤≤‡≥ç‡≤≤‡≤∞‡≤ø‡≤ó‡≥Ç ‡≤π‡≥ä‡≤∏ ‡≤µ‡≤∞‡≥ç‡≤∑‡≤¶ ‡≤π‡≤æ‡≤∞‡≥ç‡≤¶‡≤ø‡≤ï ‡≤∂‡≥Å‡≤≠‡≤æ‡≤∂‡≤Ø‡≤ó‡≤≥‡≥Å.....
#NammaPrabha #MPOfDavangere #newyear #2025",Unknown,480,18,0,Happy New year Madam,en,Happy New year Madam
1171258714558376,"‡≤π‡≥ä‡≤∏ ‡≤µ‡≤∞‡≥ç‡≤∑‡≤µ‡≥Å ‡≤é‡≤≤‡≥ç‡≤≤‡≤∞ ‡≤¨‡≤æ‡≤≥‡≤ø‡≤®‡≤≤‡≥ç‡≤≤‡≤ø ‡≤π‡≥ä‡≤∏ ‡≤ï‡≤®‡≤∏‡≥Å‡≤ó‡≤≥‡≤ø‡≤ó‡≥Ü ‡≤¨‡≥Ü‡≤≥‡≤ï‡≤æ‡≤ó‡≤ø, ‡≤π‡≥ä‡≤∏ ‡≤™‡≥ç‡≤∞‡≤Ø‡≤§‡≥ç‡≤®‡≤ó‡≤≥‡≤ø‡≤ó‡≥Ü ‡≤∂‡≤ï‡≥ç‡≤§‡≤ø‡≤Ø‡≤æ‡≤ó‡≤≤‡≤ø. 2025 ‡≤∞ ‡≤à ‡≤µ‡≤∞‡≥ç‡≤∑ ‡≤®‡≤ø‡≤Æ‡≥ç‡≤Æ‡≥Ü‡≤≤‡≥ç‡≤≤‡≤∞ ‡≤™‡≥ç‡≤∞‡≤§‡≤ø ‡≤π‡≥Ü‡≤ú‡≥ç‡≤ú‡≥Ü‡≤Ø‡≥Ç ‡≤Ø‡≤∂‡≤∏‡≥ç‡≤∏‡≥Å ‡≤§‡≤∞‡≥Å‡≤µ‡≤Ç‡≤§‡≤æ‡≤ó‡≤≤‡≤ø. ‡≤ú‡≥Ä‡≤µ‡≤®‡≤¶‡≤≤‡≥ç‡≤≤‡≤ø ‡≤∂‡≤æ‡≤Ç‡≤§‡≤ø,‡≤∏‡≤Æ‡≥É‡≤¶‡≥ç‡≤¶‡≤ø, ‡≤Ü‡≤∞‡≥ã‡≤ó‡≥ç‡≤Ø ‡≤π‡≥Ü‡≤ö‡≥ç‡≤ö‡≤æ‡≤ó‡≤≤‡≤ø.... 
‡≤é‡≤≤‡≥ç‡≤≤‡≤∞‡≤ø‡≤ó‡≥Ç ‡≤π‡≥ä‡≤∏ ‡≤µ‡≤∞‡≥ç‡≤∑‡≤¶ ‡≤π‡≤æ‡≤∞‡≥ç‡≤¶‡≤ø‡≤ï ‡≤∂‡≥Å‡≤≠‡≤æ‡≤∂‡≤Ø‡≤ó‡≤≥‡≥Å.....
#NammaPrabha #MPOfDavangere #newyear #2025",Unknown,480,18,0,Happy new year Madam,en,Happy new year Madam
1170913531259561,"‡≤¶‡≤æ‡≤µ‡≤£‡≤ó‡≥Ü‡≤∞‡≥Ü ‡≤ú‡≤ø‡≤≤‡≥ç‡≤≤‡≥Ü‡≤Ø ‡≤™‡≥ç‡≤∞‡≤µ‡≤æ‡≤∏‡≤ø‡≤§‡≤æ‡≤£‡≤ó‡≤≥ ‡≤∏‡≤Æ‡≤ó‡≥ç‡≤∞ ‡≤Æ‡≤æ‡≤π‡≤ø‡≤§‡≤ø‡≤Ø‡≥ä‡≤Ç‡≤¶‡≤ø‡≤ó‡≥Ü ‡≤∏‡≤ø‡≤¶‡≥ç‡≤¶‡≤™‡≤°‡≤ø‡≤∏‡≤≤‡≤æ‡≤¶ ‡≤®‡≥Ç‡≤§‡≤® 2025 ‡≤∞ ‡≤ï‡≥ç‡≤Ø‡≤æ‡≤≤‡≥Ü‡≤Ç‡≤°‡≤∞‡≥ç...
#NammaPrabha #MPOfDavangere #calender #2025",Unknown,625,86,0,‡≤Ö‡≤≠‡≤ø‡≤Æ‡≤æ‡≤®‡≤ø‡≤ó‡≥Ü ‡≤∏‡≤ø‡≤ó‡≥ç‡≤≤‡≥á ‡≤¨‡≥á‡≤ï‡≥Å,kn,The fan needs a sign.
1170913531259561,"‡≤¶‡≤æ‡≤µ‡≤£‡≤ó‡≥Ü‡≤∞‡≥Ü ‡≤ú‡≤ø‡≤≤‡≥ç‡≤≤‡≥Ü‡≤Ø ‡≤™‡≥ç‡≤∞‡≤µ‡≤æ‡≤∏‡≤ø‡≤§‡≤æ‡≤£‡≤ó‡≤≥ ‡≤∏‡≤Æ‡≤ó‡≥ç‡≤∞ ‡≤Æ‡≤æ‡≤π‡≤ø‡≤§‡≤ø‡≤Ø‡≥ä‡≤Ç‡≤¶‡≤ø‡≤ó‡≥Ü ‡≤∏‡≤ø‡≤¶‡≥ç‡≤¶‡≤™‡≤°‡≤ø‡≤∏‡≤≤‡≤æ‡≤¶ ‡≤®‡≥Ç‡≤§‡≤® 2025 ‡≤∞ ‡≤ï‡≥ç‡≤Ø‡≤æ‡≤≤‡≥Ü‡≤Ç‡≤°‡≤∞‡≥ç...
#NammaPrabha #MPOfDavangere #calender #2025",Unknown,625,86,0,,en,
1171258714558376,"‡≤π‡≥ä‡≤∏ ‡≤µ‡≤∞‡≥ç‡≤∑‡≤µ‡≥Å ‡≤é‡≤≤‡≥ç‡≤≤‡≤∞ ‡≤¨‡≤æ‡≤≥‡≤ø‡≤®‡≤≤‡≥ç‡≤≤‡≤ø ‡≤π‡≥ä‡≤∏ ‡≤ï‡≤®‡≤∏‡≥Å‡≤ó‡≤≥‡≤ø‡≤ó‡≥Ü ‡≤¨‡≥Ü‡≤≥‡≤ï‡≤æ‡≤ó‡≤ø, ‡≤π‡≥ä‡≤∏ ‡≤™‡≥ç‡≤∞‡≤Ø‡≤§‡≥ç‡≤®‡≤ó‡≤≥‡≤ø‡≤ó‡≥Ü ‡≤∂‡≤ï‡≥ç‡≤§‡≤ø‡≤Ø‡≤æ‡≤ó‡≤≤‡≤ø. 2025 ‡≤∞ ‡≤à ‡≤µ‡≤∞‡≥ç‡≤∑ ‡≤®‡≤ø‡≤Æ‡≥ç‡≤Æ‡≥Ü‡≤≤‡≥ç‡≤≤‡≤∞ ‡≤™‡≥ç‡≤∞‡≤§‡≤ø ‡≤π‡≥Ü‡≤ú‡≥ç‡≤ú‡≥Ü‡≤Ø‡≥Ç ‡≤Ø‡≤∂‡≤∏‡≥ç‡≤∏‡≥Å ‡≤§‡≤∞‡≥Å‡≤µ‡≤Ç‡≤§‡≤æ‡≤ó‡≤≤‡≤ø. ‡≤ú‡≥Ä‡≤µ‡≤®‡≤¶‡≤≤‡≥ç‡≤≤‡≤ø ‡≤∂‡≤æ‡≤Ç‡≤§‡≤ø,‡≤∏‡≤Æ‡≥É‡≤¶‡≥ç‡≤¶‡≤ø, ‡≤Ü‡≤∞‡≥ã‡≤ó‡≥ç‡≤Ø ‡≤π‡≥Ü‡≤ö‡≥ç‡≤ö‡≤æ‡≤ó‡≤≤‡≤ø.... 
‡≤é‡≤≤‡≥ç‡≤≤‡≤∞‡≤ø‡≤ó‡≥Ç ‡≤π‡≥ä‡≤∏ ‡≤µ‡≤∞‡≥ç‡≤∑‡≤¶ ‡≤π‡≤æ‡≤∞‡≥ç‡≤¶‡≤ø‡≤ï ‡≤∂‡≥Å‡≤≠‡≤æ‡≤∂‡≤Ø‡≤ó‡≤≥‡≥Å.....
#NammaPrabha #MPOfDavangere #newyear #2025",Unknown,480,18,1,‡≤π‡≥ä‡≤∏ ‡≤µ‡≤∞‡≥ç‡≤∑‡≤¶ ‡≤∂‡≥Å‡≤≠‡≤æ‡≤∂‡≤Ø‡≤ó‡≤≥‡≥Å ‡≤®‡≤ø‡≤Æ‡≤ó‡≥Ç ‡≤Æ‡≤§‡≥ç‡≤§‡≥Å ‡≤®‡≤ø‡≤Æ‡≥ç‡≤Æ ‡≤ï‡≥Å‡≤ü‡≥Å‡≤Ç‡≤¨‡≤¶‡≤µ‡≤∞‡≤ø‡≤ó‡≥Ç,kn,Happy New Year to you and your family.
1171258714558376,"‡≤π‡≥ä‡≤∏ ‡≤µ‡≤∞‡≥ç‡≤∑‡≤µ‡≥Å ‡≤é‡≤≤‡≥ç‡≤≤‡≤∞ ‡≤¨‡≤æ‡≤≥‡≤ø‡≤®‡≤≤‡≥ç‡≤≤‡≤ø ‡≤π‡≥ä‡≤∏ ‡≤ï‡≤®‡≤∏‡≥Å‡≤ó‡≤≥‡≤ø‡≤ó‡≥Ü ‡≤¨‡≥Ü‡≤≥‡≤ï‡≤æ‡≤ó‡≤ø, ‡≤π‡≥ä‡≤∏ ‡≤™‡≥ç‡≤∞‡≤Ø‡≤§‡≥ç‡≤®‡≤ó‡≤≥‡≤ø‡≤ó‡≥Ü ‡≤∂‡≤ï‡≥ç‡≤§‡≤ø‡≤Ø‡≤æ‡≤ó‡≤≤‡≤ø. 2025 ‡≤∞ ‡≤à ‡≤µ‡≤∞‡≥ç‡≤∑ ‡≤®‡≤ø‡≤Æ‡≥ç‡≤Æ‡≥Ü‡≤≤‡≥ç‡≤≤‡≤∞ ‡≤™‡≥ç‡≤∞‡≤§‡≤ø ‡≤π‡≥Ü‡≤ú‡≥ç‡≤ú‡≥Ü‡≤Ø‡≥Ç ‡≤Ø‡≤∂‡≤∏‡≥ç‡≤∏‡≥Å ‡≤§‡≤∞‡≥Å‡≤µ‡≤Ç‡≤§‡≤æ‡≤ó‡≤≤‡≤ø. ‡≤ú‡≥Ä‡≤µ‡≤®‡≤¶‡≤≤‡≥ç‡≤≤‡≤ø ‡≤∂‡≤æ‡≤Ç‡≤§‡≤ø,‡≤∏‡≤Æ‡≥É‡≤¶‡≥ç‡≤¶‡≤ø, ‡≤Ü‡≤∞‡≥ã‡≤ó‡≥ç‡≤Ø ‡≤π‡≥Ü‡≤ö‡≥ç‡≤ö‡≤æ‡≤ó‡≤≤‡≤ø.... 
‡≤é‡≤≤‡≥ç‡≤≤‡≤∞‡≤ø‡≤ó‡≥Ç ‡≤π‡≥ä‡≤∏ ‡≤µ‡≤∞‡≥ç‡≤∑‡≤¶ ‡≤π‡≤æ‡≤∞‡≥ç‡≤¶‡≤ø‡≤ï ‡≤∂‡≥Å‡≤≠‡≤æ‡≤∂‡≤Ø‡≤ó‡≤≥‡≥Å.....
#NammaPrabha #MPOfDavangere #newyear #2025",Unknown,480,18,0,‡≥®‡≥¶‡≥®‡≥´ ‡≤®‡≥á ‡≤µ‡≤∞‡≥ç‡≤∑‡≤µ‡≥Å ‡≤®‡≤ø‡≤Æ‡≤ó‡≥Ü ‡≤∂‡≥Å‡≤≠‡≤¶‡≤æ‡≤Ø‡≤ï‡≤µ‡≤æ‡≤ó‡≤≤‡≤ø.,kn,May the year 2025 be auspicious for you.
1171258714558376,"‡≤π‡≥ä‡≤∏ ‡≤µ‡≤∞‡≥ç‡≤∑‡≤µ‡≥Å ‡≤é‡≤≤‡≥ç‡≤≤‡≤∞ ‡≤¨‡≤æ‡≤≥‡≤ø‡≤®‡≤≤‡≥ç‡≤≤‡≤ø ‡≤π‡≥ä‡≤∏ ‡≤ï‡≤®‡≤∏‡≥Å‡≤ó‡≤≥‡≤ø‡≤ó‡≥Ü ‡≤¨‡≥Ü‡≤≥‡≤ï‡≤æ‡≤ó‡≤ø, ‡≤π‡≥ä‡≤∏ ‡≤™‡≥ç‡≤∞‡≤Ø‡≤§‡≥ç‡≤®‡≤ó‡≤≥‡≤ø‡≤ó‡≥Ü ‡≤∂‡≤ï‡≥ç‡≤§‡≤ø‡≤Ø‡≤æ‡≤ó‡≤≤‡≤ø. 2025 ‡≤∞ ‡≤à ‡≤µ‡≤∞‡≥ç‡≤∑ ‡≤®‡≤ø‡≤Æ‡≥ç‡≤Æ‡≥Ü‡≤≤‡≥ç‡≤≤‡≤∞ ‡≤™‡≥ç‡≤∞‡≤§‡≤ø ‡≤π‡≥Ü‡≤ú‡≥ç‡≤ú‡≥Ü‡≤Ø‡≥Ç ‡≤Ø‡≤∂‡≤∏‡≥ç‡≤∏‡≥Å ‡≤§‡≤∞‡≥Å‡≤µ‡≤Ç‡≤§‡≤æ‡≤ó‡≤≤‡≤ø. ‡≤ú‡≥Ä‡≤µ‡≤®‡≤¶‡≤≤‡≥ç‡≤≤‡≤ø ‡≤∂‡≤æ‡≤Ç‡≤§‡≤ø,‡≤∏‡≤Æ‡≥É‡≤¶‡≥ç‡≤¶‡≤ø, ‡≤Ü‡≤∞‡≥ã‡≤ó‡≥ç‡≤Ø ‡≤π‡≥Ü‡≤ö‡≥ç‡≤ö‡≤æ‡≤ó‡≤≤‡≤ø.... 
‡≤é‡≤≤‡≥ç‡≤≤‡≤∞‡≤ø‡≤ó‡≥Ç ‡≤π‡≥ä‡≤∏ ‡≤µ‡≤∞‡≥ç‡≤∑‡≤¶ ‡≤π‡≤æ‡≤∞‡≥ç‡≤¶‡≤ø‡≤ï ‡≤∂‡≥Å‡≤≠‡≤æ‡≤∂‡≤Ø‡≤ó‡≤≥‡≥Å.....
#NammaPrabha #MPOfDavangere #newyear #2025",Unknown,480,18,0,,en,
1171173664566881,"Life is a symphony of moments. Play your part with passion, purpose, and precision.
#NammaPrabha #MPOfDavangere
#ForThePeople #PrabhaForThePeople
#VoiceOfDavangere #DevelopmentForAll
#Davangere #IndianNationalCongress
#INC #Karnataka",Unknown,795,12,0,üôèüåπüôè,en,
1171173664566881,"Life is a symphony of moments. Play your part with passion, purpose, and precision.
#NammaPrabha #MPOfDavangere
#ForThePeople #PrabhaForThePeople
#VoiceOfDavangere #DevelopmentForAll
#Davangere #IndianNationalCongress
#INC #Karnataka",Unknown,795,12,0,‡≤∏‡≤ø‡≤∞‡≤ø‡≤ó‡≥å‡≤∞‡≤øüòòüòò,kn,Sirigauri
1171173664566881,"Life is a symphony of moments. Play your part with passion, purpose, and precision.
#NammaPrabha #MPOfDavangere
#ForThePeople #PrabhaForThePeople
#VoiceOfDavangere #DevelopmentForAll
#Davangere #IndianNationalCongress
#INC #Karnataka",Unknown,795,12,0,‡≤ï‡≤∞‡≥ç‡≤®‡≤æ‡≤ü‡≤ï‡≤¶ ‡≤Ö‡≤Æ‡≥ç‡≤Æ üëç,kn,Karnataka&#39;s mother
1171173664566881,"Life is a symphony of moments. Play your part with passion, purpose, and precision.
#NammaPrabha #MPOfDavangere
#ForThePeople #PrabhaForThePeople
#VoiceOfDavangere #DevelopmentForAll
#Davangere #IndianNationalCongress
#INC #Karnataka",Unknown,795,12,0,,en,
1171173664566881,"Life is a symphony of moments. Play your part with passion, purpose, and precision.
#NammaPrabha #MPOfDavangere
#ForThePeople #PrabhaForThePeople
#VoiceOfDavangere #DevelopmentForAll
#Davangere #IndianNationalCongress
#INC #Karnataka",Unknown,795,12,0,,en,
1171173664566881,"Life is a symphony of moments. Play your part with passion, purpose, and precision.
#NammaPrabha #MPOfDavangere
#ForThePeople #PrabhaForThePeople
#VoiceOfDavangere #DevelopmentForAll
#Davangere #IndianNationalCongress
#INC #Karnataka",Unknown,795,12,0,üåπüôèüèªüå∑,en,
1171173664566881,"Life is a symphony of moments. Play your part with passion, purpose, and precision.
#NammaPrabha #MPOfDavangere
#ForThePeople #PrabhaForThePeople
#VoiceOfDavangere #DevelopmentForAll
#Davangere #IndianNationalCongress
#INC #Karnataka",Unknown,795,12,0,,en,
1171173664566881,"Life is a symphony of moments. Play your part with passion, purpose, and precision.
#NammaPrabha #MPOfDavangere
#ForThePeople #PrabhaForThePeople
#VoiceOfDavangere #DevelopmentForAll
#Davangere #IndianNationalCongress
#INC #Karnataka",Unknown,795,12,0,üôèüôèüôèüôèüôèüôèüôèüôèüôèüôèüôèüôèüôèüôèüôèüôèüôèüôèüôèüôè,en,
1171173664566881,"Life is a symphony of moments. Play your part with passion, purpose, and precision.
#NammaPrabha #MPOfDavangere
#ForThePeople #PrabhaForThePeople
#VoiceOfDavangere #DevelopmentForAll
#Davangere #IndianNationalCongress
#INC #Karnataka",Unknown,795,12,0,,en,
1171173664566881,"Life is a symphony of moments. Play your part with passion, purpose, and precision.
#NammaPrabha #MPOfDavangere
#ForThePeople #PrabhaForThePeople
#VoiceOfDavangere #DevelopmentForAll
#Davangere #IndianNationalCongress
#INC #Karnataka",Unknown,795,12,0,üôè,en,
1171173664566881,"Life is a symphony of moments. Play your part with passion, purpose, and precision.
#NammaPrabha #MPOfDavangere
#ForThePeople #PrabhaForThePeople
#VoiceOfDavangere #DevelopmentForAll
#Davangere #IndianNationalCongress
#INC #Karnataka",Unknown,795,12,0,,en,
1171173664566881,"Life is a symphony of moments. Play your part with passion, purpose, and precision.
#NammaPrabha #MPOfDavangere
#ForThePeople #PrabhaForThePeople
#VoiceOfDavangere #DevelopmentForAll
#Davangere #IndianNationalCongress
#INC #Karnataka",Unknown,795,12,0,,en,
1171258714558376,"‡≤π‡≥ä‡≤∏ ‡≤µ‡≤∞‡≥ç‡≤∑‡≤µ‡≥Å ‡≤é‡≤≤‡≥ç‡≤≤‡≤∞ ‡≤¨‡≤æ‡≤≥‡≤ø‡≤®‡≤≤‡≥ç‡≤≤‡≤ø ‡≤π‡≥ä‡≤∏ ‡≤ï‡≤®‡≤∏‡≥Å‡≤ó‡≤≥‡≤ø‡≤ó‡≥Ü ‡≤¨‡≥Ü‡≤≥‡≤ï‡≤æ‡≤ó‡≤ø, ‡≤π‡≥ä‡≤∏ ‡≤™‡≥ç‡≤∞‡≤Ø‡≤§‡≥ç‡≤®‡≤ó‡≤≥‡≤ø‡≤ó‡≥Ü ‡≤∂‡≤ï‡≥ç‡≤§‡≤ø‡≤Ø‡≤æ‡≤ó‡≤≤‡≤ø. 2025 ‡≤∞ ‡≤à ‡≤µ‡≤∞‡≥ç‡≤∑ ‡≤®‡≤ø‡≤Æ‡≥ç‡≤Æ‡≥Ü‡≤≤‡≥ç‡≤≤‡≤∞ ‡≤™‡≥ç‡≤∞‡≤§‡≤ø ‡≤π‡≥Ü‡≤ú‡≥ç‡≤ú‡≥Ü‡≤Ø‡≥Ç ‡≤Ø‡≤∂‡≤∏‡≥ç‡≤∏‡≥Å ‡≤§‡≤∞‡≥Å‡≤µ‡≤Ç‡≤§‡≤æ‡≤ó‡≤≤‡≤ø. ‡≤ú‡≥Ä‡≤µ‡≤®‡≤¶‡≤≤‡≥ç‡≤≤‡≤ø ‡≤∂‡≤æ‡≤Ç‡≤§‡≤ø,‡≤∏‡≤Æ‡≥É‡≤¶‡≥ç‡≤¶‡≤ø, ‡≤Ü‡≤∞‡≥ã‡≤ó‡≥ç‡≤Ø ‡≤π‡≥Ü‡≤ö‡≥ç‡≤ö‡≤æ‡≤ó‡≤≤‡≤ø.... 
‡≤é‡≤≤‡≥ç‡≤≤‡≤∞‡≤ø‡≤ó‡≥Ç ‡≤π‡≥ä‡≤∏ ‡≤µ‡≤∞‡≥ç‡≤∑‡≤¶ ‡≤π‡≤æ‡≤∞‡≥ç‡≤¶‡≤ø‡≤ï ‡≤∂‡≥Å‡≤≠‡≤æ‡≤∂‡≤Ø‡≤ó‡≤≥‡≥Å.....
#NammaPrabha #MPOfDavangere #newyear #2025",Unknown,480,18,0,‡≤π‡≥ä‡≤∏ ‡≤µ‡≤∞‡≥ç‡≤∑‡≤¶ ‡≤π‡≤æ‡≤∞‡≥ç‡≤¶‡≤ø‡≤ï ‡≤∂‡≥Å‡≤≠‡≤æ‡≤∂‡≤Ø‡≤ó‡≤≥‡≥Å ‡≤Æ‡≥á‡≤°‡≤Ç,kn,"Happy New Year, Madam."
1171258714558376,"‡≤π‡≥ä‡≤∏ ‡≤µ‡≤∞‡≥ç‡≤∑‡≤µ‡≥Å ‡≤é‡≤≤‡≥ç‡≤≤‡≤∞ ‡≤¨‡≤æ‡≤≥‡≤ø‡≤®‡≤≤‡≥ç‡≤≤‡≤ø ‡≤π‡≥ä‡≤∏ ‡≤ï‡≤®‡≤∏‡≥Å‡≤ó‡≤≥‡≤ø‡≤ó‡≥Ü ‡≤¨‡≥Ü‡≤≥‡≤ï‡≤æ‡≤ó‡≤ø, ‡≤π‡≥ä‡≤∏ ‡≤™‡≥ç‡≤∞‡≤Ø‡≤§‡≥ç‡≤®‡≤ó‡≤≥‡≤ø‡≤ó‡≥Ü ‡≤∂‡≤ï‡≥ç‡≤§‡≤ø‡≤Ø‡≤æ‡≤ó‡≤≤‡≤ø. 2025 ‡≤∞ ‡≤à ‡≤µ‡≤∞‡≥ç‡≤∑ ‡≤®‡≤ø‡≤Æ‡≥ç‡≤Æ‡≥Ü‡≤≤‡≥ç‡≤≤‡≤∞ ‡≤™‡≥ç‡≤∞‡≤§‡≤ø ‡≤π‡≥Ü‡≤ú‡≥ç‡≤ú‡≥Ü‡≤Ø‡≥Ç ‡≤Ø‡≤∂‡≤∏‡≥ç‡≤∏‡≥Å ‡≤§‡≤∞‡≥Å‡≤µ‡≤Ç‡≤§‡≤æ‡≤ó‡≤≤‡≤ø. ‡≤ú‡≥Ä‡≤µ‡≤®‡≤¶‡≤≤‡≥ç‡≤≤‡≤ø ‡≤∂‡≤æ‡≤Ç‡≤§‡≤ø,‡≤∏‡≤Æ‡≥É‡≤¶‡≥ç‡≤¶‡≤ø, ‡≤Ü‡≤∞‡≥ã‡≤ó‡≥ç‡≤Ø ‡≤π‡≥Ü‡≤ö‡≥ç‡≤ö‡≤æ‡≤ó‡≤≤‡≤ø.... 
‡≤é‡≤≤‡≥ç‡≤≤‡≤∞‡≤ø‡≤ó‡≥Ç ‡≤π‡≥ä‡≤∏ ‡≤µ‡≤∞‡≥ç‡≤∑‡≤¶ ‡≤π‡≤æ‡≤∞‡≥ç‡≤¶‡≤ø‡≤ï ‡≤∂‡≥Å‡≤≠‡≤æ‡≤∂‡≤Ø‡≤ó‡≤≥‡≥Å.....
#NammaPrabha #MPOfDavangere #newyear #2025",Unknown,480,18,0,‡≤π‡≥ä‡≤∏ ‡≤µ‡≤∞‡≥ç‡≤∂‡≤¶ ‡≤∂‡≥Å‡≤≠‡≤æ‡≤∂‡≤Ø‡≤ó‡≤≥‡≥Å 2025  üíêüíêüíêüíê,kn,Happy New Year 2025
1171173664566881,"Life is a symphony of moments. Play your part with passion, purpose, and precision.
#NammaPrabha #MPOfDavangere
#ForThePeople #PrabhaForThePeople
#VoiceOfDavangere #DevelopmentForAll
#Davangere #IndianNationalCongress
#INC #Karnataka",Unknown,795,12,0,‡≤π‡≥ä‡≤∏ ‡≤µ‡≤∞‡≥ç‡≤∑‡≤¶ ‡≤∂‡≥Å‡≤≠‡≤æ‡≤∂‡≤Ø‡≤ó‡≤≥‡≥Å ‡≤Æ‡≥á‡≤°‡≤Æ‡≥ç üôèüôèüôèüôèüôè,kn,"Happy New Year, Madam."
1171173664566881,"Life is a symphony of moments. Play your part with passion, purpose, and precision.
#NammaPrabha #MPOfDavangere
#ForThePeople #PrabhaForThePeople
#VoiceOfDavangere #DevelopmentForAll
#Davangere #IndianNationalCongress
#INC #Karnataka",Unknown,795,12,0,Next ‡≤∏‡≤ø‡≤é‡≤Ç,kn,Next CM
1171173664566881,"Life is a symphony of moments. Play your part with passion, purpose, and precision.
#NammaPrabha #MPOfDavangere
#ForThePeople #PrabhaForThePeople
#VoiceOfDavangere #DevelopmentForAll
#Davangere #IndianNationalCongress
#INC #Karnataka",Unknown,795,12,0,‡≤π‡≥ä‡≤∏ ‡≤µ‡≤∞‡≥ç‡≤∑‡≤¶ ‡≤∂‡≥Å‡≤≠‡≤æ‡≤∂‡≤Ø‡≤ó‡≤≥‡≥Å ‡≤Æ‡≥á‡≤°‡≤Ç,kn,"Happy New Year, Madam."
1171173664566881,"Life is a symphony of moments. Play your part with passion, purpose, and precision.
#NammaPrabha #MPOfDavangere
#ForThePeople #PrabhaForThePeople
#VoiceOfDavangere #DevelopmentForAll
#Davangere #IndianNationalCongress
#INC #Karnataka",Unknown,795,12,0,,en,
