post_id,post_caption,content_type,total_likes,num_shares,comment_text,comment_likes
1171178564566391,"‡≤≠‡≤µ‡≤ø‡≤∑‡≥ç‡≤Ø‡≤¶ ‡≤¨‡≤∞‡≤π‡≤¶‡≤≤‡≥ç‡≤≤‡≤ø‡≤∞‡≥Å‡≤µ ‡≤µ‡≤ø‡≤¶‡≥ç‡≤Ø‡≤æ‡≤∞‡≥ç‡≤•‡≤ø‡≤ó‡≤≥‡≥ä‡≤Ç‡≤¶‡≤ø‡≤ó‡≥Ü ‡≤í‡≤Ç‡≤¶‡≥Å ‡≤∏‡≤Ç‡≤µ‡≤æ‡≤¶.....‡≤∏‡≤∞‡≥ç‡≤ï‡≤æ‡≤∞‡≤ø ‡≤ï‡≤æ‡≤≤‡≥á‡≤ú‡≤ø‡≤® ‡≤µ‡≤ø‡≤ú‡≥ç‡≤û‡≤æ‡≤® ‡≤µ‡≤ø‡≤≠‡≤æ‡≤ó‡≤¶ ‡≤µ‡≤ø‡≤¶‡≥ç‡≤Ø‡≤æ‡≤∞‡≥ç‡≤•‡≤ø‡≤ó‡≤≥‡≤ø‡≤ó‡≤æ‡≤ó‡≤ø ‡≤∏‡≤ï‡≥ç‡≤∑‡≤Æ ‡≤Ø‡≥ã‡≤ú‡≤®‡≥Ü‡≤Ø‡≤°‡≤ø ‡≤®‡≥Ä‡≤ü‡≥ç ‡≤π‡≤æ‡≤ó‡≥Ç ‡≤∏‡≤ø‡≤á‡≤ü‡≤ø ‡≤§‡≤∞‡≤¨‡≥á‡≤§‡≤ø‡≤ó‡≥Ü ‡≤ö‡≤æ‡≤≤‡≤®‡≥Ü ‡≤®‡≥Ä‡≤°‡≥Å‡≤µ ‡≤ï‡≤æ‡≤∞‡≥ç‡≤Ø‡≤ï‡≥ç‡≤∞‡≤Æ‡≤¶‡≤≤‡≥ç‡≤≤‡≤ø ‡≤µ‡≤ø‡≤¶‡≥ç‡≤Ø‡≤æ‡≤∞‡≥ç‡≤•‡≤ø‡≤ó‡≤≥‡≥Å ‡≤∏‡≤ï‡≥ç‡≤∑‡≤Æ ‡≤ï‡≤æ‡≤∞‡≥ç‡≤Ø‡≤ï‡≥ç‡≤∞‡≤Æ ‡≤ï‡≥Å‡≤∞‡≤ø‡≤§‡≥Å ‡≤Ö‡≤®‡≤ø‡≤∏‡≤ø‡≤ï‡≥Ü ‡≤π‡≤Ç‡≤ö‡≤ø‡≤ï‡≥ä‡≤Ç‡≤° ‡≤∏‡≤Ç‡≤¶‡≤∞‡≥ç‡≤≠ ‡≤π‡≤æ‡≤ó‡≥Ç ‡≤Ø‡≥ã‡≤ú‡≤®‡≥Ü‡≤Ø ‡≤¨‡≤ó‡≥ç‡≤ó‡≥Ü ‡≤µ‡≤ø‡≤¶‡≥ç‡≤Ø‡≤æ‡≤∞‡≥ç‡≤•‡≤ø‡≤ó‡≤≥‡≤ø‡≤ó‡≥Ü ‡≤Æ‡≤æ‡≤∞‡≥ç‡≤ó‡≤¶‡≤∞‡≥ç‡≤∂‡≤® ‡≤®‡≥Ä‡≤°‡≤ø‡≤¶ ‡≤ï‡≥ç‡≤∑‡≤£..
#NammaPrabha #MPOfDavangere
#ForThePeople #PrabhaForThePeople
#VoiceOfDavangere #DevelopmentForAll
#Davangere #IndianNationalCongress
#INC #Karnataka #testimonial #talks",Unknown,206,4,,0
1171178564566391,"‡≤≠‡≤µ‡≤ø‡≤∑‡≥ç‡≤Ø‡≤¶ ‡≤¨‡≤∞‡≤π‡≤¶‡≤≤‡≥ç‡≤≤‡≤ø‡≤∞‡≥Å‡≤µ ‡≤µ‡≤ø‡≤¶‡≥ç‡≤Ø‡≤æ‡≤∞‡≥ç‡≤•‡≤ø‡≤ó‡≤≥‡≥ä‡≤Ç‡≤¶‡≤ø‡≤ó‡≥Ü ‡≤í‡≤Ç‡≤¶‡≥Å ‡≤∏‡≤Ç‡≤µ‡≤æ‡≤¶.....‡≤∏‡≤∞‡≥ç‡≤ï‡≤æ‡≤∞‡≤ø ‡≤ï‡≤æ‡≤≤‡≥á‡≤ú‡≤ø‡≤® ‡≤µ‡≤ø‡≤ú‡≥ç‡≤û‡≤æ‡≤® ‡≤µ‡≤ø‡≤≠‡≤æ‡≤ó‡≤¶ ‡≤µ‡≤ø‡≤¶‡≥ç‡≤Ø‡≤æ‡≤∞‡≥ç‡≤•‡≤ø‡≤ó‡≤≥‡≤ø‡≤ó‡≤æ‡≤ó‡≤ø ‡≤∏‡≤ï‡≥ç‡≤∑‡≤Æ ‡≤Ø‡≥ã‡≤ú‡≤®‡≥Ü‡≤Ø‡≤°‡≤ø ‡≤®‡≥Ä‡≤ü‡≥ç ‡≤π‡≤æ‡≤ó‡≥Ç ‡≤∏‡≤ø‡≤á‡≤ü‡≤ø ‡≤§‡≤∞‡≤¨‡≥á‡≤§‡≤ø‡≤ó‡≥Ü ‡≤ö‡≤æ‡≤≤‡≤®‡≥Ü ‡≤®‡≥Ä‡≤°‡≥Å‡≤µ ‡≤ï‡≤æ‡≤∞‡≥ç‡≤Ø‡≤ï‡≥ç‡≤∞‡≤Æ‡≤¶‡≤≤‡≥ç‡≤≤‡≤ø ‡≤µ‡≤ø‡≤¶‡≥ç‡≤Ø‡≤æ‡≤∞‡≥ç‡≤•‡≤ø‡≤ó‡≤≥‡≥Å ‡≤∏‡≤ï‡≥ç‡≤∑‡≤Æ ‡≤ï‡≤æ‡≤∞‡≥ç‡≤Ø‡≤ï‡≥ç‡≤∞‡≤Æ ‡≤ï‡≥Å‡≤∞‡≤ø‡≤§‡≥Å ‡≤Ö‡≤®‡≤ø‡≤∏‡≤ø‡≤ï‡≥Ü ‡≤π‡≤Ç‡≤ö‡≤ø‡≤ï‡≥ä‡≤Ç‡≤° ‡≤∏‡≤Ç‡≤¶‡≤∞‡≥ç‡≤≠ ‡≤π‡≤æ‡≤ó‡≥Ç ‡≤Ø‡≥ã‡≤ú‡≤®‡≥Ü‡≤Ø ‡≤¨‡≤ó‡≥ç‡≤ó‡≥Ü ‡≤µ‡≤ø‡≤¶‡≥ç‡≤Ø‡≤æ‡≤∞‡≥ç‡≤•‡≤ø‡≤ó‡≤≥‡≤ø‡≤ó‡≥Ü ‡≤Æ‡≤æ‡≤∞‡≥ç‡≤ó‡≤¶‡≤∞‡≥ç‡≤∂‡≤® ‡≤®‡≥Ä‡≤°‡≤ø‡≤¶ ‡≤ï‡≥ç‡≤∑‡≤£..
#NammaPrabha #MPOfDavangere
#ForThePeople #PrabhaForThePeople
#VoiceOfDavangere #DevelopmentForAll
#Davangere #IndianNationalCongress
#INC #Karnataka #testimonial #talks",Unknown,206,4,Congralation,0
1171178564566391,"‡≤≠‡≤µ‡≤ø‡≤∑‡≥ç‡≤Ø‡≤¶ ‡≤¨‡≤∞‡≤π‡≤¶‡≤≤‡≥ç‡≤≤‡≤ø‡≤∞‡≥Å‡≤µ ‡≤µ‡≤ø‡≤¶‡≥ç‡≤Ø‡≤æ‡≤∞‡≥ç‡≤•‡≤ø‡≤ó‡≤≥‡≥ä‡≤Ç‡≤¶‡≤ø‡≤ó‡≥Ü ‡≤í‡≤Ç‡≤¶‡≥Å ‡≤∏‡≤Ç‡≤µ‡≤æ‡≤¶.....‡≤∏‡≤∞‡≥ç‡≤ï‡≤æ‡≤∞‡≤ø ‡≤ï‡≤æ‡≤≤‡≥á‡≤ú‡≤ø‡≤® ‡≤µ‡≤ø‡≤ú‡≥ç‡≤û‡≤æ‡≤® ‡≤µ‡≤ø‡≤≠‡≤æ‡≤ó‡≤¶ ‡≤µ‡≤ø‡≤¶‡≥ç‡≤Ø‡≤æ‡≤∞‡≥ç‡≤•‡≤ø‡≤ó‡≤≥‡≤ø‡≤ó‡≤æ‡≤ó‡≤ø ‡≤∏‡≤ï‡≥ç‡≤∑‡≤Æ ‡≤Ø‡≥ã‡≤ú‡≤®‡≥Ü‡≤Ø‡≤°‡≤ø ‡≤®‡≥Ä‡≤ü‡≥ç ‡≤π‡≤æ‡≤ó‡≥Ç ‡≤∏‡≤ø‡≤á‡≤ü‡≤ø ‡≤§‡≤∞‡≤¨‡≥á‡≤§‡≤ø‡≤ó‡≥Ü ‡≤ö‡≤æ‡≤≤‡≤®‡≥Ü ‡≤®‡≥Ä‡≤°‡≥Å‡≤µ ‡≤ï‡≤æ‡≤∞‡≥ç‡≤Ø‡≤ï‡≥ç‡≤∞‡≤Æ‡≤¶‡≤≤‡≥ç‡≤≤‡≤ø ‡≤µ‡≤ø‡≤¶‡≥ç‡≤Ø‡≤æ‡≤∞‡≥ç‡≤•‡≤ø‡≤ó‡≤≥‡≥Å ‡≤∏‡≤ï‡≥ç‡≤∑‡≤Æ ‡≤ï‡≤æ‡≤∞‡≥ç‡≤Ø‡≤ï‡≥ç‡≤∞‡≤Æ ‡≤ï‡≥Å‡≤∞‡≤ø‡≤§‡≥Å ‡≤Ö‡≤®‡≤ø‡≤∏‡≤ø‡≤ï‡≥Ü ‡≤π‡≤Ç‡≤ö‡≤ø‡≤ï‡≥ä‡≤Ç‡≤° ‡≤∏‡≤Ç‡≤¶‡≤∞‡≥ç‡≤≠ ‡≤π‡≤æ‡≤ó‡≥Ç ‡≤Ø‡≥ã‡≤ú‡≤®‡≥Ü‡≤Ø ‡≤¨‡≤ó‡≥ç‡≤ó‡≥Ü ‡≤µ‡≤ø‡≤¶‡≥ç‡≤Ø‡≤æ‡≤∞‡≥ç‡≤•‡≤ø‡≤ó‡≤≥‡≤ø‡≤ó‡≥Ü ‡≤Æ‡≤æ‡≤∞‡≥ç‡≤ó‡≤¶‡≤∞‡≥ç‡≤∂‡≤® ‡≤®‡≥Ä‡≤°‡≤ø‡≤¶ ‡≤ï‡≥ç‡≤∑‡≤£..
#NammaPrabha #MPOfDavangere
#ForThePeople #PrabhaForThePeople
#VoiceOfDavangere #DevelopmentForAll
#Davangere #IndianNationalCongress
#INC #Karnataka #testimonial #talks",Unknown,206,4,üíêüíêüíêüëèüëèüëèüëèü•≥,0
1171178564566391,"‡≤≠‡≤µ‡≤ø‡≤∑‡≥ç‡≤Ø‡≤¶ ‡≤¨‡≤∞‡≤π‡≤¶‡≤≤‡≥ç‡≤≤‡≤ø‡≤∞‡≥Å‡≤µ ‡≤µ‡≤ø‡≤¶‡≥ç‡≤Ø‡≤æ‡≤∞‡≥ç‡≤•‡≤ø‡≤ó‡≤≥‡≥ä‡≤Ç‡≤¶‡≤ø‡≤ó‡≥Ü ‡≤í‡≤Ç‡≤¶‡≥Å ‡≤∏‡≤Ç‡≤µ‡≤æ‡≤¶.....‡≤∏‡≤∞‡≥ç‡≤ï‡≤æ‡≤∞‡≤ø ‡≤ï‡≤æ‡≤≤‡≥á‡≤ú‡≤ø‡≤® ‡≤µ‡≤ø‡≤ú‡≥ç‡≤û‡≤æ‡≤® ‡≤µ‡≤ø‡≤≠‡≤æ‡≤ó‡≤¶ ‡≤µ‡≤ø‡≤¶‡≥ç‡≤Ø‡≤æ‡≤∞‡≥ç‡≤•‡≤ø‡≤ó‡≤≥‡≤ø‡≤ó‡≤æ‡≤ó‡≤ø ‡≤∏‡≤ï‡≥ç‡≤∑‡≤Æ ‡≤Ø‡≥ã‡≤ú‡≤®‡≥Ü‡≤Ø‡≤°‡≤ø ‡≤®‡≥Ä‡≤ü‡≥ç ‡≤π‡≤æ‡≤ó‡≥Ç ‡≤∏‡≤ø‡≤á‡≤ü‡≤ø ‡≤§‡≤∞‡≤¨‡≥á‡≤§‡≤ø‡≤ó‡≥Ü ‡≤ö‡≤æ‡≤≤‡≤®‡≥Ü ‡≤®‡≥Ä‡≤°‡≥Å‡≤µ ‡≤ï‡≤æ‡≤∞‡≥ç‡≤Ø‡≤ï‡≥ç‡≤∞‡≤Æ‡≤¶‡≤≤‡≥ç‡≤≤‡≤ø ‡≤µ‡≤ø‡≤¶‡≥ç‡≤Ø‡≤æ‡≤∞‡≥ç‡≤•‡≤ø‡≤ó‡≤≥‡≥Å ‡≤∏‡≤ï‡≥ç‡≤∑‡≤Æ ‡≤ï‡≤æ‡≤∞‡≥ç‡≤Ø‡≤ï‡≥ç‡≤∞‡≤Æ ‡≤ï‡≥Å‡≤∞‡≤ø‡≤§‡≥Å ‡≤Ö‡≤®‡≤ø‡≤∏‡≤ø‡≤ï‡≥Ü ‡≤π‡≤Ç‡≤ö‡≤ø‡≤ï‡≥ä‡≤Ç‡≤° ‡≤∏‡≤Ç‡≤¶‡≤∞‡≥ç‡≤≠ ‡≤π‡≤æ‡≤ó‡≥Ç ‡≤Ø‡≥ã‡≤ú‡≤®‡≥Ü‡≤Ø ‡≤¨‡≤ó‡≥ç‡≤ó‡≥Ü ‡≤µ‡≤ø‡≤¶‡≥ç‡≤Ø‡≤æ‡≤∞‡≥ç‡≤•‡≤ø‡≤ó‡≤≥‡≤ø‡≤ó‡≥Ü ‡≤Æ‡≤æ‡≤∞‡≥ç‡≤ó‡≤¶‡≤∞‡≥ç‡≤∂‡≤® ‡≤®‡≥Ä‡≤°‡≤ø‡≤¶ ‡≤ï‡≥ç‡≤∑‡≤£..
#NammaPrabha #MPOfDavangere
#ForThePeople #PrabhaForThePeople
#VoiceOfDavangere #DevelopmentForAll
#Davangere #IndianNationalCongress
#INC #Karnataka #testimonial #talks",Unknown,206,4,Nice program,0
1170913531259561,"‡≤¶‡≤æ‡≤µ‡≤£‡≤ó‡≥Ü‡≤∞‡≥Ü ‡≤ú‡≤ø‡≤≤‡≥ç‡≤≤‡≥Ü‡≤Ø ‡≤™‡≥ç‡≤∞‡≤µ‡≤æ‡≤∏‡≤ø‡≤§‡≤æ‡≤£‡≤ó‡≤≥ ‡≤∏‡≤Æ‡≤ó‡≥ç‡≤∞ ‡≤Æ‡≤æ‡≤π‡≤ø‡≤§‡≤ø‡≤Ø‡≥ä‡≤Ç‡≤¶‡≤ø‡≤ó‡≥Ü ‡≤∏‡≤ø‡≤¶‡≥ç‡≤¶‡≤™‡≤°‡≤ø‡≤∏‡≤≤‡≤æ‡≤¶ ‡≤®‡≥Ç‡≤§‡≤® 2025 ‡≤∞ ‡≤ï‡≥ç‡≤Ø‡≤æ‡≤≤‡≥Ü‡≤Ç‡≤°‡≤∞‡≥ç...
#NammaPrabha #MPOfDavangere #calender #2025",Unknown,625,86,Super,0
1170913531259561,"‡≤¶‡≤æ‡≤µ‡≤£‡≤ó‡≥Ü‡≤∞‡≥Ü ‡≤ú‡≤ø‡≤≤‡≥ç‡≤≤‡≥Ü‡≤Ø ‡≤™‡≥ç‡≤∞‡≤µ‡≤æ‡≤∏‡≤ø‡≤§‡≤æ‡≤£‡≤ó‡≤≥ ‡≤∏‡≤Æ‡≤ó‡≥ç‡≤∞ ‡≤Æ‡≤æ‡≤π‡≤ø‡≤§‡≤ø‡≤Ø‡≥ä‡≤Ç‡≤¶‡≤ø‡≤ó‡≥Ü ‡≤∏‡≤ø‡≤¶‡≥ç‡≤¶‡≤™‡≤°‡≤ø‡≤∏‡≤≤‡≤æ‡≤¶ ‡≤®‡≥Ç‡≤§‡≤® 2025 ‡≤∞ ‡≤ï‡≥ç‡≤Ø‡≤æ‡≤≤‡≥Ü‡≤Ç‡≤°‡≤∞‡≥ç...
#NammaPrabha #MPOfDavangere #calender #2025",Unknown,625,86,Madam I want one calender where I have collected.,0
1170913531259561,"‡≤¶‡≤æ‡≤µ‡≤£‡≤ó‡≥Ü‡≤∞‡≥Ü ‡≤ú‡≤ø‡≤≤‡≥ç‡≤≤‡≥Ü‡≤Ø ‡≤™‡≥ç‡≤∞‡≤µ‡≤æ‡≤∏‡≤ø‡≤§‡≤æ‡≤£‡≤ó‡≤≥ ‡≤∏‡≤Æ‡≤ó‡≥ç‡≤∞ ‡≤Æ‡≤æ‡≤π‡≤ø‡≤§‡≤ø‡≤Ø‡≥ä‡≤Ç‡≤¶‡≤ø‡≤ó‡≥Ü ‡≤∏‡≤ø‡≤¶‡≥ç‡≤¶‡≤™‡≤°‡≤ø‡≤∏‡≤≤‡≤æ‡≤¶ ‡≤®‡≥Ç‡≤§‡≤® 2025 ‡≤∞ ‡≤ï‡≥ç‡≤Ø‡≤æ‡≤≤‡≥Ü‡≤Ç‡≤°‡≤∞‡≥ç...
#NammaPrabha #MPOfDavangere #calender #2025",Unknown,625,86,üôè wish you Happy New year 2025,0
1170913531259561,"‡≤¶‡≤æ‡≤µ‡≤£‡≤ó‡≥Ü‡≤∞‡≥Ü ‡≤ú‡≤ø‡≤≤‡≥ç‡≤≤‡≥Ü‡≤Ø ‡≤™‡≥ç‡≤∞‡≤µ‡≤æ‡≤∏‡≤ø‡≤§‡≤æ‡≤£‡≤ó‡≤≥ ‡≤∏‡≤Æ‡≤ó‡≥ç‡≤∞ ‡≤Æ‡≤æ‡≤π‡≤ø‡≤§‡≤ø‡≤Ø‡≥ä‡≤Ç‡≤¶‡≤ø‡≤ó‡≥Ü ‡≤∏‡≤ø‡≤¶‡≥ç‡≤¶‡≤™‡≤°‡≤ø‡≤∏‡≤≤‡≤æ‡≤¶ ‡≤®‡≥Ç‡≤§‡≤® 2025 ‡≤∞ ‡≤ï‡≥ç‡≤Ø‡≤æ‡≤≤‡≥Ü‡≤Ç‡≤°‡≤∞‡≥ç...
#NammaPrabha #MPOfDavangere #calender #2025",Unknown,625,86,Super,0
1170913531259561,"‡≤¶‡≤æ‡≤µ‡≤£‡≤ó‡≥Ü‡≤∞‡≥Ü ‡≤ú‡≤ø‡≤≤‡≥ç‡≤≤‡≥Ü‡≤Ø ‡≤™‡≥ç‡≤∞‡≤µ‡≤æ‡≤∏‡≤ø‡≤§‡≤æ‡≤£‡≤ó‡≤≥ ‡≤∏‡≤Æ‡≤ó‡≥ç‡≤∞ ‡≤Æ‡≤æ‡≤π‡≤ø‡≤§‡≤ø‡≤Ø‡≥ä‡≤Ç‡≤¶‡≤ø‡≤ó‡≥Ü ‡≤∏‡≤ø‡≤¶‡≥ç‡≤¶‡≤™‡≤°‡≤ø‡≤∏‡≤≤‡≤æ‡≤¶ ‡≤®‡≥Ç‡≤§‡≤® 2025 ‡≤∞ ‡≤ï‡≥ç‡≤Ø‡≤æ‡≤≤‡≥Ü‡≤Ç‡≤°‡≤∞‡≥ç...
#NammaPrabha #MPOfDavangere #calender #2025",Unknown,625,86,üôèüôèüôèüôèüôè,0
1170913531259561,"‡≤¶‡≤æ‡≤µ‡≤£‡≤ó‡≥Ü‡≤∞‡≥Ü ‡≤ú‡≤ø‡≤≤‡≥ç‡≤≤‡≥Ü‡≤Ø ‡≤™‡≥ç‡≤∞‡≤µ‡≤æ‡≤∏‡≤ø‡≤§‡≤æ‡≤£‡≤ó‡≤≥ ‡≤∏‡≤Æ‡≤ó‡≥ç‡≤∞ ‡≤Æ‡≤æ‡≤π‡≤ø‡≤§‡≤ø‡≤Ø‡≥ä‡≤Ç‡≤¶‡≤ø‡≤ó‡≥Ü ‡≤∏‡≤ø‡≤¶‡≥ç‡≤¶‡≤™‡≤°‡≤ø‡≤∏‡≤≤‡≤æ‡≤¶ ‡≤®‡≥Ç‡≤§‡≤® 2025 ‡≤∞ ‡≤ï‡≥ç‡≤Ø‡≤æ‡≤≤‡≥Ü‡≤Ç‡≤°‡≤∞‡≥ç...
#NammaPrabha #MPOfDavangere #calender #2025",Unknown,625,86,Mam in calender 3 photos are very nice,0
1170913531259561,"‡≤¶‡≤æ‡≤µ‡≤£‡≤ó‡≥Ü‡≤∞‡≥Ü ‡≤ú‡≤ø‡≤≤‡≥ç‡≤≤‡≥Ü‡≤Ø ‡≤™‡≥ç‡≤∞‡≤µ‡≤æ‡≤∏‡≤ø‡≤§‡≤æ‡≤£‡≤ó‡≤≥ ‡≤∏‡≤Æ‡≤ó‡≥ç‡≤∞ ‡≤Æ‡≤æ‡≤π‡≤ø‡≤§‡≤ø‡≤Ø‡≥ä‡≤Ç‡≤¶‡≤ø‡≤ó‡≥Ü ‡≤∏‡≤ø‡≤¶‡≥ç‡≤¶‡≤™‡≤°‡≤ø‡≤∏‡≤≤‡≤æ‡≤¶ ‡≤®‡≥Ç‡≤§‡≤® 2025 ‡≤∞ ‡≤ï‡≥ç‡≤Ø‡≤æ‡≤≤‡≥Ü‡≤Ç‡≤°‡≤∞‡≥ç...
#NammaPrabha #MPOfDavangere #calender #2025",Unknown,625,86,Nice,0
1170913531259561,"‡≤¶‡≤æ‡≤µ‡≤£‡≤ó‡≥Ü‡≤∞‡≥Ü ‡≤ú‡≤ø‡≤≤‡≥ç‡≤≤‡≥Ü‡≤Ø ‡≤™‡≥ç‡≤∞‡≤µ‡≤æ‡≤∏‡≤ø‡≤§‡≤æ‡≤£‡≤ó‡≤≥ ‡≤∏‡≤Æ‡≤ó‡≥ç‡≤∞ ‡≤Æ‡≤æ‡≤π‡≤ø‡≤§‡≤ø‡≤Ø‡≥ä‡≤Ç‡≤¶‡≤ø‡≤ó‡≥Ü ‡≤∏‡≤ø‡≤¶‡≥ç‡≤¶‡≤™‡≤°‡≤ø‡≤∏‡≤≤‡≤æ‡≤¶ ‡≤®‡≥Ç‡≤§‡≤® 2025 ‡≤∞ ‡≤ï‡≥ç‡≤Ø‡≤æ‡≤≤‡≥Ü‡≤Ç‡≤°‡≤∞‡≥ç...
#NammaPrabha #MPOfDavangere #calender #2025",Unknown,625,86,Nice,0
1170913531259561,"‡≤¶‡≤æ‡≤µ‡≤£‡≤ó‡≥Ü‡≤∞‡≥Ü ‡≤ú‡≤ø‡≤≤‡≥ç‡≤≤‡≥Ü‡≤Ø ‡≤™‡≥ç‡≤∞‡≤µ‡≤æ‡≤∏‡≤ø‡≤§‡≤æ‡≤£‡≤ó‡≤≥ ‡≤∏‡≤Æ‡≤ó‡≥ç‡≤∞ ‡≤Æ‡≤æ‡≤π‡≤ø‡≤§‡≤ø‡≤Ø‡≥ä‡≤Ç‡≤¶‡≤ø‡≤ó‡≥Ü ‡≤∏‡≤ø‡≤¶‡≥ç‡≤¶‡≤™‡≤°‡≤ø‡≤∏‡≤≤‡≤æ‡≤¶ ‡≤®‡≥Ç‡≤§‡≤® 2025 ‡≤∞ ‡≤ï‡≥ç‡≤Ø‡≤æ‡≤≤‡≥Ü‡≤Ç‡≤°‡≤∞‡≥ç...
#NammaPrabha #MPOfDavangere #calender #2025",Unknown,625,86,Where do we get,0
1171258714558376,"‡≤π‡≥ä‡≤∏ ‡≤µ‡≤∞‡≥ç‡≤∑‡≤µ‡≥Å ‡≤é‡≤≤‡≥ç‡≤≤‡≤∞ ‡≤¨‡≤æ‡≤≥‡≤ø‡≤®‡≤≤‡≥ç‡≤≤‡≤ø ‡≤π‡≥ä‡≤∏ ‡≤ï‡≤®‡≤∏‡≥Å‡≤ó‡≤≥‡≤ø‡≤ó‡≥Ü ‡≤¨‡≥Ü‡≤≥‡≤ï‡≤æ‡≤ó‡≤ø, ‡≤π‡≥ä‡≤∏ ‡≤™‡≥ç‡≤∞‡≤Ø‡≤§‡≥ç‡≤®‡≤ó‡≤≥‡≤ø‡≤ó‡≥Ü ‡≤∂‡≤ï‡≥ç‡≤§‡≤ø‡≤Ø‡≤æ‡≤ó‡≤≤‡≤ø. 2025 ‡≤∞ ‡≤à ‡≤µ‡≤∞‡≥ç‡≤∑ ‡≤®‡≤ø‡≤Æ‡≥ç‡≤Æ‡≥Ü‡≤≤‡≥ç‡≤≤‡≤∞ ‡≤™‡≥ç‡≤∞‡≤§‡≤ø ‡≤π‡≥Ü‡≤ú‡≥ç‡≤ú‡≥Ü‡≤Ø‡≥Ç ‡≤Ø‡≤∂‡≤∏‡≥ç‡≤∏‡≥Å ‡≤§‡≤∞‡≥Å‡≤µ‡≤Ç‡≤§‡≤æ‡≤ó‡≤≤‡≤ø. ‡≤ú‡≥Ä‡≤µ‡≤®‡≤¶‡≤≤‡≥ç‡≤≤‡≤ø ‡≤∂‡≤æ‡≤Ç‡≤§‡≤ø,‡≤∏‡≤Æ‡≥É‡≤¶‡≥ç‡≤¶‡≤ø, ‡≤Ü‡≤∞‡≥ã‡≤ó‡≥ç‡≤Ø ‡≤π‡≥Ü‡≤ö‡≥ç‡≤ö‡≤æ‡≤ó‡≤≤‡≤ø.... 
‡≤é‡≤≤‡≥ç‡≤≤‡≤∞‡≤ø‡≤ó‡≥Ç ‡≤π‡≥ä‡≤∏ ‡≤µ‡≤∞‡≥ç‡≤∑‡≤¶ ‡≤π‡≤æ‡≤∞‡≥ç‡≤¶‡≤ø‡≤ï ‡≤∂‡≥Å‡≤≠‡≤æ‡≤∂‡≤Ø‡≤ó‡≤≥‡≥Å.....
#NammaPrabha #MPOfDavangere #newyear #2025",Unknown,480,18,Same to u medom u and your family s,0
1171258714558376,"‡≤π‡≥ä‡≤∏ ‡≤µ‡≤∞‡≥ç‡≤∑‡≤µ‡≥Å ‡≤é‡≤≤‡≥ç‡≤≤‡≤∞ ‡≤¨‡≤æ‡≤≥‡≤ø‡≤®‡≤≤‡≥ç‡≤≤‡≤ø ‡≤π‡≥ä‡≤∏ ‡≤ï‡≤®‡≤∏‡≥Å‡≤ó‡≤≥‡≤ø‡≤ó‡≥Ü ‡≤¨‡≥Ü‡≤≥‡≤ï‡≤æ‡≤ó‡≤ø, ‡≤π‡≥ä‡≤∏ ‡≤™‡≥ç‡≤∞‡≤Ø‡≤§‡≥ç‡≤®‡≤ó‡≤≥‡≤ø‡≤ó‡≥Ü ‡≤∂‡≤ï‡≥ç‡≤§‡≤ø‡≤Ø‡≤æ‡≤ó‡≤≤‡≤ø. 2025 ‡≤∞ ‡≤à ‡≤µ‡≤∞‡≥ç‡≤∑ ‡≤®‡≤ø‡≤Æ‡≥ç‡≤Æ‡≥Ü‡≤≤‡≥ç‡≤≤‡≤∞ ‡≤™‡≥ç‡≤∞‡≤§‡≤ø ‡≤π‡≥Ü‡≤ú‡≥ç‡≤ú‡≥Ü‡≤Ø‡≥Ç ‡≤Ø‡≤∂‡≤∏‡≥ç‡≤∏‡≥Å ‡≤§‡≤∞‡≥Å‡≤µ‡≤Ç‡≤§‡≤æ‡≤ó‡≤≤‡≤ø. ‡≤ú‡≥Ä‡≤µ‡≤®‡≤¶‡≤≤‡≥ç‡≤≤‡≤ø ‡≤∂‡≤æ‡≤Ç‡≤§‡≤ø,‡≤∏‡≤Æ‡≥É‡≤¶‡≥ç‡≤¶‡≤ø, ‡≤Ü‡≤∞‡≥ã‡≤ó‡≥ç‡≤Ø ‡≤π‡≥Ü‡≤ö‡≥ç‡≤ö‡≤æ‡≤ó‡≤≤‡≤ø.... 
‡≤é‡≤≤‡≥ç‡≤≤‡≤∞‡≤ø‡≤ó‡≥Ç ‡≤π‡≥ä‡≤∏ ‡≤µ‡≤∞‡≥ç‡≤∑‡≤¶ ‡≤π‡≤æ‡≤∞‡≥ç‡≤¶‡≤ø‡≤ï ‡≤∂‡≥Å‡≤≠‡≤æ‡≤∂‡≤Ø‡≤ó‡≤≥‡≥Å.....
#NammaPrabha #MPOfDavangere #newyear #2025",Unknown,480,18,Happy new year,0
1171258714558376,"‡≤π‡≥ä‡≤∏ ‡≤µ‡≤∞‡≥ç‡≤∑‡≤µ‡≥Å ‡≤é‡≤≤‡≥ç‡≤≤‡≤∞ ‡≤¨‡≤æ‡≤≥‡≤ø‡≤®‡≤≤‡≥ç‡≤≤‡≤ø ‡≤π‡≥ä‡≤∏ ‡≤ï‡≤®‡≤∏‡≥Å‡≤ó‡≤≥‡≤ø‡≤ó‡≥Ü ‡≤¨‡≥Ü‡≤≥‡≤ï‡≤æ‡≤ó‡≤ø, ‡≤π‡≥ä‡≤∏ ‡≤™‡≥ç‡≤∞‡≤Ø‡≤§‡≥ç‡≤®‡≤ó‡≤≥‡≤ø‡≤ó‡≥Ü ‡≤∂‡≤ï‡≥ç‡≤§‡≤ø‡≤Ø‡≤æ‡≤ó‡≤≤‡≤ø. 2025 ‡≤∞ ‡≤à ‡≤µ‡≤∞‡≥ç‡≤∑ ‡≤®‡≤ø‡≤Æ‡≥ç‡≤Æ‡≥Ü‡≤≤‡≥ç‡≤≤‡≤∞ ‡≤™‡≥ç‡≤∞‡≤§‡≤ø ‡≤π‡≥Ü‡≤ú‡≥ç‡≤ú‡≥Ü‡≤Ø‡≥Ç ‡≤Ø‡≤∂‡≤∏‡≥ç‡≤∏‡≥Å ‡≤§‡≤∞‡≥Å‡≤µ‡≤Ç‡≤§‡≤æ‡≤ó‡≤≤‡≤ø. ‡≤ú‡≥Ä‡≤µ‡≤®‡≤¶‡≤≤‡≥ç‡≤≤‡≤ø ‡≤∂‡≤æ‡≤Ç‡≤§‡≤ø,‡≤∏‡≤Æ‡≥É‡≤¶‡≥ç‡≤¶‡≤ø, ‡≤Ü‡≤∞‡≥ã‡≤ó‡≥ç‡≤Ø ‡≤π‡≥Ü‡≤ö‡≥ç‡≤ö‡≤æ‡≤ó‡≤≤‡≤ø.... 
‡≤é‡≤≤‡≥ç‡≤≤‡≤∞‡≤ø‡≤ó‡≥Ç ‡≤π‡≥ä‡≤∏ ‡≤µ‡≤∞‡≥ç‡≤∑‡≤¶ ‡≤π‡≤æ‡≤∞‡≥ç‡≤¶‡≤ø‡≤ï ‡≤∂‡≥Å‡≤≠‡≤æ‡≤∂‡≤Ø‡≤ó‡≤≥‡≥Å.....
#NammaPrabha #MPOfDavangere #newyear #2025",Unknown,480,18,Happy new year madam,0
1171258714558376,"‡≤π‡≥ä‡≤∏ ‡≤µ‡≤∞‡≥ç‡≤∑‡≤µ‡≥Å ‡≤é‡≤≤‡≥ç‡≤≤‡≤∞ ‡≤¨‡≤æ‡≤≥‡≤ø‡≤®‡≤≤‡≥ç‡≤≤‡≤ø ‡≤π‡≥ä‡≤∏ ‡≤ï‡≤®‡≤∏‡≥Å‡≤ó‡≤≥‡≤ø‡≤ó‡≥Ü ‡≤¨‡≥Ü‡≤≥‡≤ï‡≤æ‡≤ó‡≤ø, ‡≤π‡≥ä‡≤∏ ‡≤™‡≥ç‡≤∞‡≤Ø‡≤§‡≥ç‡≤®‡≤ó‡≤≥‡≤ø‡≤ó‡≥Ü ‡≤∂‡≤ï‡≥ç‡≤§‡≤ø‡≤Ø‡≤æ‡≤ó‡≤≤‡≤ø. 2025 ‡≤∞ ‡≤à ‡≤µ‡≤∞‡≥ç‡≤∑ ‡≤®‡≤ø‡≤Æ‡≥ç‡≤Æ‡≥Ü‡≤≤‡≥ç‡≤≤‡≤∞ ‡≤™‡≥ç‡≤∞‡≤§‡≤ø ‡≤π‡≥Ü‡≤ú‡≥ç‡≤ú‡≥Ü‡≤Ø‡≥Ç ‡≤Ø‡≤∂‡≤∏‡≥ç‡≤∏‡≥Å ‡≤§‡≤∞‡≥Å‡≤µ‡≤Ç‡≤§‡≤æ‡≤ó‡≤≤‡≤ø. ‡≤ú‡≥Ä‡≤µ‡≤®‡≤¶‡≤≤‡≥ç‡≤≤‡≤ø ‡≤∂‡≤æ‡≤Ç‡≤§‡≤ø,‡≤∏‡≤Æ‡≥É‡≤¶‡≥ç‡≤¶‡≤ø, ‡≤Ü‡≤∞‡≥ã‡≤ó‡≥ç‡≤Ø ‡≤π‡≥Ü‡≤ö‡≥ç‡≤ö‡≤æ‡≤ó‡≤≤‡≤ø.... 
‡≤é‡≤≤‡≥ç‡≤≤‡≤∞‡≤ø‡≤ó‡≥Ç ‡≤π‡≥ä‡≤∏ ‡≤µ‡≤∞‡≥ç‡≤∑‡≤¶ ‡≤π‡≤æ‡≤∞‡≥ç‡≤¶‡≤ø‡≤ï ‡≤∂‡≥Å‡≤≠‡≤æ‡≤∂‡≤Ø‡≤ó‡≤≥‡≥Å.....
#NammaPrabha #MPOfDavangere #newyear #2025",Unknown,480,18,"May the new year be the light to new dreams and strength to new endeavors in everyone's life. May every step of your life bring success this year 2025 May peace, prosperity and health increase in life....
Happy new year to all.....",0
1171258714558376,"‡≤π‡≥ä‡≤∏ ‡≤µ‡≤∞‡≥ç‡≤∑‡≤µ‡≥Å ‡≤é‡≤≤‡≥ç‡≤≤‡≤∞ ‡≤¨‡≤æ‡≤≥‡≤ø‡≤®‡≤≤‡≥ç‡≤≤‡≤ø ‡≤π‡≥ä‡≤∏ ‡≤ï‡≤®‡≤∏‡≥Å‡≤ó‡≤≥‡≤ø‡≤ó‡≥Ü ‡≤¨‡≥Ü‡≤≥‡≤ï‡≤æ‡≤ó‡≤ø, ‡≤π‡≥ä‡≤∏ ‡≤™‡≥ç‡≤∞‡≤Ø‡≤§‡≥ç‡≤®‡≤ó‡≤≥‡≤ø‡≤ó‡≥Ü ‡≤∂‡≤ï‡≥ç‡≤§‡≤ø‡≤Ø‡≤æ‡≤ó‡≤≤‡≤ø. 2025 ‡≤∞ ‡≤à ‡≤µ‡≤∞‡≥ç‡≤∑ ‡≤®‡≤ø‡≤Æ‡≥ç‡≤Æ‡≥Ü‡≤≤‡≥ç‡≤≤‡≤∞ ‡≤™‡≥ç‡≤∞‡≤§‡≤ø ‡≤π‡≥Ü‡≤ú‡≥ç‡≤ú‡≥Ü‡≤Ø‡≥Ç ‡≤Ø‡≤∂‡≤∏‡≥ç‡≤∏‡≥Å ‡≤§‡≤∞‡≥Å‡≤µ‡≤Ç‡≤§‡≤æ‡≤ó‡≤≤‡≤ø. ‡≤ú‡≥Ä‡≤µ‡≤®‡≤¶‡≤≤‡≥ç‡≤≤‡≤ø ‡≤∂‡≤æ‡≤Ç‡≤§‡≤ø,‡≤∏‡≤Æ‡≥É‡≤¶‡≥ç‡≤¶‡≤ø, ‡≤Ü‡≤∞‡≥ã‡≤ó‡≥ç‡≤Ø ‡≤π‡≥Ü‡≤ö‡≥ç‡≤ö‡≤æ‡≤ó‡≤≤‡≤ø.... 
‡≤é‡≤≤‡≥ç‡≤≤‡≤∞‡≤ø‡≤ó‡≥Ç ‡≤π‡≥ä‡≤∏ ‡≤µ‡≤∞‡≥ç‡≤∑‡≤¶ ‡≤π‡≤æ‡≤∞‡≥ç‡≤¶‡≤ø‡≤ï ‡≤∂‡≥Å‡≤≠‡≤æ‡≤∂‡≤Ø‡≤ó‡≤≥‡≥Å.....
#NammaPrabha #MPOfDavangere #newyear #2025",Unknown,480,18,"Happy new year,and vinam Abhivadan to the soldiers who fought against Peshwai with Britishers for their rights.",0
1171258714558376,"‡≤π‡≥ä‡≤∏ ‡≤µ‡≤∞‡≥ç‡≤∑‡≤µ‡≥Å ‡≤é‡≤≤‡≥ç‡≤≤‡≤∞ ‡≤¨‡≤æ‡≤≥‡≤ø‡≤®‡≤≤‡≥ç‡≤≤‡≤ø ‡≤π‡≥ä‡≤∏ ‡≤ï‡≤®‡≤∏‡≥Å‡≤ó‡≤≥‡≤ø‡≤ó‡≥Ü ‡≤¨‡≥Ü‡≤≥‡≤ï‡≤æ‡≤ó‡≤ø, ‡≤π‡≥ä‡≤∏ ‡≤™‡≥ç‡≤∞‡≤Ø‡≤§‡≥ç‡≤®‡≤ó‡≤≥‡≤ø‡≤ó‡≥Ü ‡≤∂‡≤ï‡≥ç‡≤§‡≤ø‡≤Ø‡≤æ‡≤ó‡≤≤‡≤ø. 2025 ‡≤∞ ‡≤à ‡≤µ‡≤∞‡≥ç‡≤∑ ‡≤®‡≤ø‡≤Æ‡≥ç‡≤Æ‡≥Ü‡≤≤‡≥ç‡≤≤‡≤∞ ‡≤™‡≥ç‡≤∞‡≤§‡≤ø ‡≤π‡≥Ü‡≤ú‡≥ç‡≤ú‡≥Ü‡≤Ø‡≥Ç ‡≤Ø‡≤∂‡≤∏‡≥ç‡≤∏‡≥Å ‡≤§‡≤∞‡≥Å‡≤µ‡≤Ç‡≤§‡≤æ‡≤ó‡≤≤‡≤ø. ‡≤ú‡≥Ä‡≤µ‡≤®‡≤¶‡≤≤‡≥ç‡≤≤‡≤ø ‡≤∂‡≤æ‡≤Ç‡≤§‡≤ø,‡≤∏‡≤Æ‡≥É‡≤¶‡≥ç‡≤¶‡≤ø, ‡≤Ü‡≤∞‡≥ã‡≤ó‡≥ç‡≤Ø ‡≤π‡≥Ü‡≤ö‡≥ç‡≤ö‡≤æ‡≤ó‡≤≤‡≤ø.... 
‡≤é‡≤≤‡≥ç‡≤≤‡≤∞‡≤ø‡≤ó‡≥Ç ‡≤π‡≥ä‡≤∏ ‡≤µ‡≤∞‡≥ç‡≤∑‡≤¶ ‡≤π‡≤æ‡≤∞‡≥ç‡≤¶‡≤ø‡≤ï ‡≤∂‡≥Å‡≤≠‡≤æ‡≤∂‡≤Ø‡≤ó‡≤≥‡≥Å.....
#NammaPrabha #MPOfDavangere #newyear #2025",Unknown,480,18,Happy new year madam,0
1170860151264899,"‡≤Æ‡≥Å‡≤Ç‡≤ú‡≤æ‡≤®‡≥Ü‡≤Ø ‡≤∂‡≥Å‡≤≠‡≥ã‡≤¶‡≤Ø‡≤ó‡≤≥‡≥Å
#NammaPrabha #MPOfDavangere
#ForThePeople #PrabhaForThePeople
#VoiceOfDavangere #DevelopmentForAll
#Davangere #IndianNationalCongress
#INC #Karnataka #tuesdaythoughts",Unknown,119,3,,0
1170860151264899,"‡≤Æ‡≥Å‡≤Ç‡≤ú‡≤æ‡≤®‡≥Ü‡≤Ø ‡≤∂‡≥Å‡≤≠‡≥ã‡≤¶‡≤Ø‡≤ó‡≤≥‡≥Å
#NammaPrabha #MPOfDavangere
#ForThePeople #PrabhaForThePeople
#VoiceOfDavangere #DevelopmentForAll
#Davangere #IndianNationalCongress
#INC #Karnataka #tuesdaythoughts",Unknown,119,3,üôè,0
1170913531259561,"‡≤¶‡≤æ‡≤µ‡≤£‡≤ó‡≥Ü‡≤∞‡≥Ü ‡≤ú‡≤ø‡≤≤‡≥ç‡≤≤‡≥Ü‡≤Ø ‡≤™‡≥ç‡≤∞‡≤µ‡≤æ‡≤∏‡≤ø‡≤§‡≤æ‡≤£‡≤ó‡≤≥ ‡≤∏‡≤Æ‡≤ó‡≥ç‡≤∞ ‡≤Æ‡≤æ‡≤π‡≤ø‡≤§‡≤ø‡≤Ø‡≥ä‡≤Ç‡≤¶‡≤ø‡≤ó‡≥Ü ‡≤∏‡≤ø‡≤¶‡≥ç‡≤¶‡≤™‡≤°‡≤ø‡≤∏‡≤≤‡≤æ‡≤¶ ‡≤®‡≥Ç‡≤§‡≤® 2025 ‡≤∞ ‡≤ï‡≥ç‡≤Ø‡≤æ‡≤≤‡≥Ü‡≤Ç‡≤°‡≤∞‡≥ç...
#NammaPrabha #MPOfDavangere #calender #2025",Unknown,625,86,Jai appaji Jai mallanna Jai prabamma,0
1170913531259561,"‡≤¶‡≤æ‡≤µ‡≤£‡≤ó‡≥Ü‡≤∞‡≥Ü ‡≤ú‡≤ø‡≤≤‡≥ç‡≤≤‡≥Ü‡≤Ø ‡≤™‡≥ç‡≤∞‡≤µ‡≤æ‡≤∏‡≤ø‡≤§‡≤æ‡≤£‡≤ó‡≤≥ ‡≤∏‡≤Æ‡≤ó‡≥ç‡≤∞ ‡≤Æ‡≤æ‡≤π‡≤ø‡≤§‡≤ø‡≤Ø‡≥ä‡≤Ç‡≤¶‡≤ø‡≤ó‡≥Ü ‡≤∏‡≤ø‡≤¶‡≥ç‡≤¶‡≤™‡≤°‡≤ø‡≤∏‡≤≤‡≤æ‡≤¶ ‡≤®‡≥Ç‡≤§‡≤® 2025 ‡≤∞ ‡≤ï‡≥ç‡≤Ø‡≤æ‡≤≤‡≥Ü‡≤Ç‡≤°‡≤∞‡≥ç...
#NammaPrabha #MPOfDavangere #calender #2025",Unknown,625,86,,0
1170913531259561,"‡≤¶‡≤æ‡≤µ‡≤£‡≤ó‡≥Ü‡≤∞‡≥Ü ‡≤ú‡≤ø‡≤≤‡≥ç‡≤≤‡≥Ü‡≤Ø ‡≤™‡≥ç‡≤∞‡≤µ‡≤æ‡≤∏‡≤ø‡≤§‡≤æ‡≤£‡≤ó‡≤≥ ‡≤∏‡≤Æ‡≤ó‡≥ç‡≤∞ ‡≤Æ‡≤æ‡≤π‡≤ø‡≤§‡≤ø‡≤Ø‡≥ä‡≤Ç‡≤¶‡≤ø‡≤ó‡≥Ü ‡≤∏‡≤ø‡≤¶‡≥ç‡≤¶‡≤™‡≤°‡≤ø‡≤∏‡≤≤‡≤æ‡≤¶ ‡≤®‡≥Ç‡≤§‡≤® 2025 ‡≤∞ ‡≤ï‡≥ç‡≤Ø‡≤æ‡≤≤‡≥Ü‡≤Ç‡≤°‡≤∞‡≥ç...
#NammaPrabha #MPOfDavangere #calender #2025",Unknown,625,86,üíê,0
1170913531259561,"‡≤¶‡≤æ‡≤µ‡≤£‡≤ó‡≥Ü‡≤∞‡≥Ü ‡≤ú‡≤ø‡≤≤‡≥ç‡≤≤‡≥Ü‡≤Ø ‡≤™‡≥ç‡≤∞‡≤µ‡≤æ‡≤∏‡≤ø‡≤§‡≤æ‡≤£‡≤ó‡≤≥ ‡≤∏‡≤Æ‡≤ó‡≥ç‡≤∞ ‡≤Æ‡≤æ‡≤π‡≤ø‡≤§‡≤ø‡≤Ø‡≥ä‡≤Ç‡≤¶‡≤ø‡≤ó‡≥Ü ‡≤∏‡≤ø‡≤¶‡≥ç‡≤¶‡≤™‡≤°‡≤ø‡≤∏‡≤≤‡≤æ‡≤¶ ‡≤®‡≥Ç‡≤§‡≤® 2025 ‡≤∞ ‡≤ï‡≥ç‡≤Ø‡≤æ‡≤≤‡≥Ü‡≤Ç‡≤°‡≤∞‡≥ç...
#NammaPrabha #MPOfDavangere #calender #2025",Unknown,625,86,Nice,0
1170913531259561,"‡≤¶‡≤æ‡≤µ‡≤£‡≤ó‡≥Ü‡≤∞‡≥Ü ‡≤ú‡≤ø‡≤≤‡≥ç‡≤≤‡≥Ü‡≤Ø ‡≤™‡≥ç‡≤∞‡≤µ‡≤æ‡≤∏‡≤ø‡≤§‡≤æ‡≤£‡≤ó‡≤≥ ‡≤∏‡≤Æ‡≤ó‡≥ç‡≤∞ ‡≤Æ‡≤æ‡≤π‡≤ø‡≤§‡≤ø‡≤Ø‡≥ä‡≤Ç‡≤¶‡≤ø‡≤ó‡≥Ü ‡≤∏‡≤ø‡≤¶‡≥ç‡≤¶‡≤™‡≤°‡≤ø‡≤∏‡≤≤‡≤æ‡≤¶ ‡≤®‡≥Ç‡≤§‡≤® 2025 ‡≤∞ ‡≤ï‡≥ç‡≤Ø‡≤æ‡≤≤‡≥Ü‡≤Ç‡≤°‡≤∞‡≥ç...
#NammaPrabha #MPOfDavangere #calender #2025",Unknown,625,86,,0
1170913531259561,"‡≤¶‡≤æ‡≤µ‡≤£‡≤ó‡≥Ü‡≤∞‡≥Ü ‡≤ú‡≤ø‡≤≤‡≥ç‡≤≤‡≥Ü‡≤Ø ‡≤™‡≥ç‡≤∞‡≤µ‡≤æ‡≤∏‡≤ø‡≤§‡≤æ‡≤£‡≤ó‡≤≥ ‡≤∏‡≤Æ‡≤ó‡≥ç‡≤∞ ‡≤Æ‡≤æ‡≤π‡≤ø‡≤§‡≤ø‡≤Ø‡≥ä‡≤Ç‡≤¶‡≤ø‡≤ó‡≥Ü ‡≤∏‡≤ø‡≤¶‡≥ç‡≤¶‡≤™‡≤°‡≤ø‡≤∏‡≤≤‡≤æ‡≤¶ ‡≤®‡≥Ç‡≤§‡≤® 2025 ‡≤∞ ‡≤ï‡≥ç‡≤Ø‡≤æ‡≤≤‡≥Ü‡≤Ç‡≤°‡≤∞‡≥ç...
#NammaPrabha #MPOfDavangere #calender #2025",Unknown,625,86,‡≤é‡≤≤‡≥ç‡≤≤‡≤ø ‡≤∏‡≤ø‡≤ó‡≥Å‡≤§‡≥ç‡≤§‡≥Ü ‡≤µ‡≤ø‡≤≥‡≤æ‡≤∏ ‡≤§‡≤ø‡≤≥‡≤ø‡≤∏‡≤ø,0
1170913531259561,"‡≤¶‡≤æ‡≤µ‡≤£‡≤ó‡≥Ü‡≤∞‡≥Ü ‡≤ú‡≤ø‡≤≤‡≥ç‡≤≤‡≥Ü‡≤Ø ‡≤™‡≥ç‡≤∞‡≤µ‡≤æ‡≤∏‡≤ø‡≤§‡≤æ‡≤£‡≤ó‡≤≥ ‡≤∏‡≤Æ‡≤ó‡≥ç‡≤∞ ‡≤Æ‡≤æ‡≤π‡≤ø‡≤§‡≤ø‡≤Ø‡≥ä‡≤Ç‡≤¶‡≤ø‡≤ó‡≥Ü ‡≤∏‡≤ø‡≤¶‡≥ç‡≤¶‡≤™‡≤°‡≤ø‡≤∏‡≤≤‡≤æ‡≤¶ ‡≤®‡≥Ç‡≤§‡≤® 2025 ‡≤∞ ‡≤ï‡≥ç‡≤Ø‡≤æ‡≤≤‡≥Ü‡≤Ç‡≤°‡≤∞‡≥ç...
#NammaPrabha #MPOfDavangere #calender #2025",Unknown,625,86,‡≤π‡≥ä‡≤∏ ‡≤µ‡≤∞‡≥ç‡≤∑‡≤¶ ‡≤∂‡≥Å‡≤≠‡≤æ‡≤∑‡≤Ø‡≤ó‡≤≥‡≥Å ‡≤Æ‡≥á‡≤°‡≤Ç ‡≤π‡≥ä‡≤∏ ‡≤µ‡≤∞‡≥ç‡≤∑‡≤¶‡≤≤‡≥ç‡≤≤‡≤ø ‡≤π‡≥ä‡≤∏ ‡≤Ü‡≤≤‡≥ã‡≤ö‡≤®‡≥Ü‡≤Ø‡≥ä‡≤Ç‡≤¶‡≤ø‡≤ó‡≥Ü ‡≤ï‡≥ç‡≤∑‡≥á‡≤§‡≥ç‡≤∞‡≤¶ ‡≤Ö‡≤≠‡≤ø‡≤µ‡≥É‡≤¶‡≥ç‡≤ß‡≤ø ‡≤Ü‡≤ó‡≤≤‡≤ø üëèüëèüëèüëèüëèüëè,0
1170913531259561,"‡≤¶‡≤æ‡≤µ‡≤£‡≤ó‡≥Ü‡≤∞‡≥Ü ‡≤ú‡≤ø‡≤≤‡≥ç‡≤≤‡≥Ü‡≤Ø ‡≤™‡≥ç‡≤∞‡≤µ‡≤æ‡≤∏‡≤ø‡≤§‡≤æ‡≤£‡≤ó‡≤≥ ‡≤∏‡≤Æ‡≤ó‡≥ç‡≤∞ ‡≤Æ‡≤æ‡≤π‡≤ø‡≤§‡≤ø‡≤Ø‡≥ä‡≤Ç‡≤¶‡≤ø‡≤ó‡≥Ü ‡≤∏‡≤ø‡≤¶‡≥ç‡≤¶‡≤™‡≤°‡≤ø‡≤∏‡≤≤‡≤æ‡≤¶ ‡≤®‡≥Ç‡≤§‡≤® 2025 ‡≤∞ ‡≤ï‡≥ç‡≤Ø‡≤æ‡≤≤‡≥Ü‡≤Ç‡≤°‡≤∞‡≥ç...
#NammaPrabha #MPOfDavangere #calender #2025",Unknown,625,86,,0
1170913531259561,"‡≤¶‡≤æ‡≤µ‡≤£‡≤ó‡≥Ü‡≤∞‡≥Ü ‡≤ú‡≤ø‡≤≤‡≥ç‡≤≤‡≥Ü‡≤Ø ‡≤™‡≥ç‡≤∞‡≤µ‡≤æ‡≤∏‡≤ø‡≤§‡≤æ‡≤£‡≤ó‡≤≥ ‡≤∏‡≤Æ‡≤ó‡≥ç‡≤∞ ‡≤Æ‡≤æ‡≤π‡≤ø‡≤§‡≤ø‡≤Ø‡≥ä‡≤Ç‡≤¶‡≤ø‡≤ó‡≥Ü ‡≤∏‡≤ø‡≤¶‡≥ç‡≤¶‡≤™‡≤°‡≤ø‡≤∏‡≤≤‡≤æ‡≤¶ ‡≤®‡≥Ç‡≤§‡≤® 2025 ‡≤∞ ‡≤ï‡≥ç‡≤Ø‡≤æ‡≤≤‡≥Ü‡≤Ç‡≤°‡≤∞‡≥ç...
#NammaPrabha #MPOfDavangere #calender #2025",Unknown,625,86,‡≤Æ‡≥á‡≤°‡≤Æ‡≥ç ‡≤®‡≤æ‡≤µ‡≥Å ‡≤®‡≤ø‡≤Æ‡≥ç‡≤Æ ‡≤Æ‡≤§‡≥ç‡≤§‡≥Å ‡≤∏‡≤∞‡≥ç ‡≤Ö‡≤≠‡≤ø‡≤Æ‡≤æ‡≤®‡≤ø‡≤ó‡≤≥‡≥Å  ‡≤Æ‡≥á‡≤°‡≤Ç ‡≤®‡≤Æ‡≤ó‡≥Ü ‡≤í‡≤Ç‡≤¶‡≥Å ‡≤ï‡≥ç‡≤Ø‡≤æ‡≤≤‡≥Ü‡≤Ç‡≤°‡≤∞‡≥ç ‡≤∏‡≤ø‡≤ó‡≥Å‡≤§‡≥ç‡≤§‡≤æ ‡≤∞‡≤ø,0
1170913531259561,"‡≤¶‡≤æ‡≤µ‡≤£‡≤ó‡≥Ü‡≤∞‡≥Ü ‡≤ú‡≤ø‡≤≤‡≥ç‡≤≤‡≥Ü‡≤Ø ‡≤™‡≥ç‡≤∞‡≤µ‡≤æ‡≤∏‡≤ø‡≤§‡≤æ‡≤£‡≤ó‡≤≥ ‡≤∏‡≤Æ‡≤ó‡≥ç‡≤∞ ‡≤Æ‡≤æ‡≤π‡≤ø‡≤§‡≤ø‡≤Ø‡≥ä‡≤Ç‡≤¶‡≤ø‡≤ó‡≥Ü ‡≤∏‡≤ø‡≤¶‡≥ç‡≤¶‡≤™‡≤°‡≤ø‡≤∏‡≤≤‡≤æ‡≤¶ ‡≤®‡≥Ç‡≤§‡≤® 2025 ‡≤∞ ‡≤ï‡≥ç‡≤Ø‡≤æ‡≤≤‡≥Ü‡≤Ç‡≤°‡≤∞‡≥ç...
#NammaPrabha #MPOfDavangere #calender #2025",Unknown,625,86,‡≤®‡≤Æ‡≤ó‡≥Ç ‡≤ï‡≥ç‡≤Ø‡≤æ‡≤≤‡≥Ü‡≤Ç‡≤°‡≤∞‡≥ç ‡≤∏‡≤ø‡≤ó‡≤¨‡≤π‡≥Å‡≤¶‡≤æ  9353036536,0
1171258714558376,"‡≤π‡≥ä‡≤∏ ‡≤µ‡≤∞‡≥ç‡≤∑‡≤µ‡≥Å ‡≤é‡≤≤‡≥ç‡≤≤‡≤∞ ‡≤¨‡≤æ‡≤≥‡≤ø‡≤®‡≤≤‡≥ç‡≤≤‡≤ø ‡≤π‡≥ä‡≤∏ ‡≤ï‡≤®‡≤∏‡≥Å‡≤ó‡≤≥‡≤ø‡≤ó‡≥Ü ‡≤¨‡≥Ü‡≤≥‡≤ï‡≤æ‡≤ó‡≤ø, ‡≤π‡≥ä‡≤∏ ‡≤™‡≥ç‡≤∞‡≤Ø‡≤§‡≥ç‡≤®‡≤ó‡≤≥‡≤ø‡≤ó‡≥Ü ‡≤∂‡≤ï‡≥ç‡≤§‡≤ø‡≤Ø‡≤æ‡≤ó‡≤≤‡≤ø. 2025 ‡≤∞ ‡≤à ‡≤µ‡≤∞‡≥ç‡≤∑ ‡≤®‡≤ø‡≤Æ‡≥ç‡≤Æ‡≥Ü‡≤≤‡≥ç‡≤≤‡≤∞ ‡≤™‡≥ç‡≤∞‡≤§‡≤ø ‡≤π‡≥Ü‡≤ú‡≥ç‡≤ú‡≥Ü‡≤Ø‡≥Ç ‡≤Ø‡≤∂‡≤∏‡≥ç‡≤∏‡≥Å ‡≤§‡≤∞‡≥Å‡≤µ‡≤Ç‡≤§‡≤æ‡≤ó‡≤≤‡≤ø. ‡≤ú‡≥Ä‡≤µ‡≤®‡≤¶‡≤≤‡≥ç‡≤≤‡≤ø ‡≤∂‡≤æ‡≤Ç‡≤§‡≤ø,‡≤∏‡≤Æ‡≥É‡≤¶‡≥ç‡≤¶‡≤ø, ‡≤Ü‡≤∞‡≥ã‡≤ó‡≥ç‡≤Ø ‡≤π‡≥Ü‡≤ö‡≥ç‡≤ö‡≤æ‡≤ó‡≤≤‡≤ø.... 
‡≤é‡≤≤‡≥ç‡≤≤‡≤∞‡≤ø‡≤ó‡≥Ç ‡≤π‡≥ä‡≤∏ ‡≤µ‡≤∞‡≥ç‡≤∑‡≤¶ ‡≤π‡≤æ‡≤∞‡≥ç‡≤¶‡≤ø‡≤ï ‡≤∂‡≥Å‡≤≠‡≤æ‡≤∂‡≤Ø‡≤ó‡≤≥‡≥Å.....
#NammaPrabha #MPOfDavangere #newyear #2025",Unknown,480,18,Wish u Happy new year mam,0
1171258714558376,"‡≤π‡≥ä‡≤∏ ‡≤µ‡≤∞‡≥ç‡≤∑‡≤µ‡≥Å ‡≤é‡≤≤‡≥ç‡≤≤‡≤∞ ‡≤¨‡≤æ‡≤≥‡≤ø‡≤®‡≤≤‡≥ç‡≤≤‡≤ø ‡≤π‡≥ä‡≤∏ ‡≤ï‡≤®‡≤∏‡≥Å‡≤ó‡≤≥‡≤ø‡≤ó‡≥Ü ‡≤¨‡≥Ü‡≤≥‡≤ï‡≤æ‡≤ó‡≤ø, ‡≤π‡≥ä‡≤∏ ‡≤™‡≥ç‡≤∞‡≤Ø‡≤§‡≥ç‡≤®‡≤ó‡≤≥‡≤ø‡≤ó‡≥Ü ‡≤∂‡≤ï‡≥ç‡≤§‡≤ø‡≤Ø‡≤æ‡≤ó‡≤≤‡≤ø. 2025 ‡≤∞ ‡≤à ‡≤µ‡≤∞‡≥ç‡≤∑ ‡≤®‡≤ø‡≤Æ‡≥ç‡≤Æ‡≥Ü‡≤≤‡≥ç‡≤≤‡≤∞ ‡≤™‡≥ç‡≤∞‡≤§‡≤ø ‡≤π‡≥Ü‡≤ú‡≥ç‡≤ú‡≥Ü‡≤Ø‡≥Ç ‡≤Ø‡≤∂‡≤∏‡≥ç‡≤∏‡≥Å ‡≤§‡≤∞‡≥Å‡≤µ‡≤Ç‡≤§‡≤æ‡≤ó‡≤≤‡≤ø. ‡≤ú‡≥Ä‡≤µ‡≤®‡≤¶‡≤≤‡≥ç‡≤≤‡≤ø ‡≤∂‡≤æ‡≤Ç‡≤§‡≤ø,‡≤∏‡≤Æ‡≥É‡≤¶‡≥ç‡≤¶‡≤ø, ‡≤Ü‡≤∞‡≥ã‡≤ó‡≥ç‡≤Ø ‡≤π‡≥Ü‡≤ö‡≥ç‡≤ö‡≤æ‡≤ó‡≤≤‡≤ø.... 
‡≤é‡≤≤‡≥ç‡≤≤‡≤∞‡≤ø‡≤ó‡≥Ç ‡≤π‡≥ä‡≤∏ ‡≤µ‡≤∞‡≥ç‡≤∑‡≤¶ ‡≤π‡≤æ‡≤∞‡≥ç‡≤¶‡≤ø‡≤ï ‡≤∂‡≥Å‡≤≠‡≤æ‡≤∂‡≤Ø‡≤ó‡≤≥‡≥Å.....
#NammaPrabha #MPOfDavangere #newyear #2025",Unknown,480,18,Happy New Year Medam,0
1171258714558376,"‡≤π‡≥ä‡≤∏ ‡≤µ‡≤∞‡≥ç‡≤∑‡≤µ‡≥Å ‡≤é‡≤≤‡≥ç‡≤≤‡≤∞ ‡≤¨‡≤æ‡≤≥‡≤ø‡≤®‡≤≤‡≥ç‡≤≤‡≤ø ‡≤π‡≥ä‡≤∏ ‡≤ï‡≤®‡≤∏‡≥Å‡≤ó‡≤≥‡≤ø‡≤ó‡≥Ü ‡≤¨‡≥Ü‡≤≥‡≤ï‡≤æ‡≤ó‡≤ø, ‡≤π‡≥ä‡≤∏ ‡≤™‡≥ç‡≤∞‡≤Ø‡≤§‡≥ç‡≤®‡≤ó‡≤≥‡≤ø‡≤ó‡≥Ü ‡≤∂‡≤ï‡≥ç‡≤§‡≤ø‡≤Ø‡≤æ‡≤ó‡≤≤‡≤ø. 2025 ‡≤∞ ‡≤à ‡≤µ‡≤∞‡≥ç‡≤∑ ‡≤®‡≤ø‡≤Æ‡≥ç‡≤Æ‡≥Ü‡≤≤‡≥ç‡≤≤‡≤∞ ‡≤™‡≥ç‡≤∞‡≤§‡≤ø ‡≤π‡≥Ü‡≤ú‡≥ç‡≤ú‡≥Ü‡≤Ø‡≥Ç ‡≤Ø‡≤∂‡≤∏‡≥ç‡≤∏‡≥Å ‡≤§‡≤∞‡≥Å‡≤µ‡≤Ç‡≤§‡≤æ‡≤ó‡≤≤‡≤ø. ‡≤ú‡≥Ä‡≤µ‡≤®‡≤¶‡≤≤‡≥ç‡≤≤‡≤ø ‡≤∂‡≤æ‡≤Ç‡≤§‡≤ø,‡≤∏‡≤Æ‡≥É‡≤¶‡≥ç‡≤¶‡≤ø, ‡≤Ü‡≤∞‡≥ã‡≤ó‡≥ç‡≤Ø ‡≤π‡≥Ü‡≤ö‡≥ç‡≤ö‡≤æ‡≤ó‡≤≤‡≤ø.... 
‡≤é‡≤≤‡≥ç‡≤≤‡≤∞‡≤ø‡≤ó‡≥Ç ‡≤π‡≥ä‡≤∏ ‡≤µ‡≤∞‡≥ç‡≤∑‡≤¶ ‡≤π‡≤æ‡≤∞‡≥ç‡≤¶‡≤ø‡≤ï ‡≤∂‡≥Å‡≤≠‡≤æ‡≤∂‡≤Ø‡≤ó‡≤≥‡≥Å.....
#NammaPrabha #MPOfDavangere #newyear #2025",Unknown,480,18,Happy New Year Mam,0
1171258714558376,"‡≤π‡≥ä‡≤∏ ‡≤µ‡≤∞‡≥ç‡≤∑‡≤µ‡≥Å ‡≤é‡≤≤‡≥ç‡≤≤‡≤∞ ‡≤¨‡≤æ‡≤≥‡≤ø‡≤®‡≤≤‡≥ç‡≤≤‡≤ø ‡≤π‡≥ä‡≤∏ ‡≤ï‡≤®‡≤∏‡≥Å‡≤ó‡≤≥‡≤ø‡≤ó‡≥Ü ‡≤¨‡≥Ü‡≤≥‡≤ï‡≤æ‡≤ó‡≤ø, ‡≤π‡≥ä‡≤∏ ‡≤™‡≥ç‡≤∞‡≤Ø‡≤§‡≥ç‡≤®‡≤ó‡≤≥‡≤ø‡≤ó‡≥Ü ‡≤∂‡≤ï‡≥ç‡≤§‡≤ø‡≤Ø‡≤æ‡≤ó‡≤≤‡≤ø. 2025 ‡≤∞ ‡≤à ‡≤µ‡≤∞‡≥ç‡≤∑ ‡≤®‡≤ø‡≤Æ‡≥ç‡≤Æ‡≥Ü‡≤≤‡≥ç‡≤≤‡≤∞ ‡≤™‡≥ç‡≤∞‡≤§‡≤ø ‡≤π‡≥Ü‡≤ú‡≥ç‡≤ú‡≥Ü‡≤Ø‡≥Ç ‡≤Ø‡≤∂‡≤∏‡≥ç‡≤∏‡≥Å ‡≤§‡≤∞‡≥Å‡≤µ‡≤Ç‡≤§‡≤æ‡≤ó‡≤≤‡≤ø. ‡≤ú‡≥Ä‡≤µ‡≤®‡≤¶‡≤≤‡≥ç‡≤≤‡≤ø ‡≤∂‡≤æ‡≤Ç‡≤§‡≤ø,‡≤∏‡≤Æ‡≥É‡≤¶‡≥ç‡≤¶‡≤ø, ‡≤Ü‡≤∞‡≥ã‡≤ó‡≥ç‡≤Ø ‡≤π‡≥Ü‡≤ö‡≥ç‡≤ö‡≤æ‡≤ó‡≤≤‡≤ø.... 
‡≤é‡≤≤‡≥ç‡≤≤‡≤∞‡≤ø‡≤ó‡≥Ç ‡≤π‡≥ä‡≤∏ ‡≤µ‡≤∞‡≥ç‡≤∑‡≤¶ ‡≤π‡≤æ‡≤∞‡≥ç‡≤¶‡≤ø‡≤ï ‡≤∂‡≥Å‡≤≠‡≤æ‡≤∂‡≤Ø‡≤ó‡≤≥‡≥Å.....
#NammaPrabha #MPOfDavangere #newyear #2025",Unknown,480,18,Happy new year 2025,0
1171258714558376,"‡≤π‡≥ä‡≤∏ ‡≤µ‡≤∞‡≥ç‡≤∑‡≤µ‡≥Å ‡≤é‡≤≤‡≥ç‡≤≤‡≤∞ ‡≤¨‡≤æ‡≤≥‡≤ø‡≤®‡≤≤‡≥ç‡≤≤‡≤ø ‡≤π‡≥ä‡≤∏ ‡≤ï‡≤®‡≤∏‡≥Å‡≤ó‡≤≥‡≤ø‡≤ó‡≥Ü ‡≤¨‡≥Ü‡≤≥‡≤ï‡≤æ‡≤ó‡≤ø, ‡≤π‡≥ä‡≤∏ ‡≤™‡≥ç‡≤∞‡≤Ø‡≤§‡≥ç‡≤®‡≤ó‡≤≥‡≤ø‡≤ó‡≥Ü ‡≤∂‡≤ï‡≥ç‡≤§‡≤ø‡≤Ø‡≤æ‡≤ó‡≤≤‡≤ø. 2025 ‡≤∞ ‡≤à ‡≤µ‡≤∞‡≥ç‡≤∑ ‡≤®‡≤ø‡≤Æ‡≥ç‡≤Æ‡≥Ü‡≤≤‡≥ç‡≤≤‡≤∞ ‡≤™‡≥ç‡≤∞‡≤§‡≤ø ‡≤π‡≥Ü‡≤ú‡≥ç‡≤ú‡≥Ü‡≤Ø‡≥Ç ‡≤Ø‡≤∂‡≤∏‡≥ç‡≤∏‡≥Å ‡≤§‡≤∞‡≥Å‡≤µ‡≤Ç‡≤§‡≤æ‡≤ó‡≤≤‡≤ø. ‡≤ú‡≥Ä‡≤µ‡≤®‡≤¶‡≤≤‡≥ç‡≤≤‡≤ø ‡≤∂‡≤æ‡≤Ç‡≤§‡≤ø,‡≤∏‡≤Æ‡≥É‡≤¶‡≥ç‡≤¶‡≤ø, ‡≤Ü‡≤∞‡≥ã‡≤ó‡≥ç‡≤Ø ‡≤π‡≥Ü‡≤ö‡≥ç‡≤ö‡≤æ‡≤ó‡≤≤‡≤ø.... 
‡≤é‡≤≤‡≥ç‡≤≤‡≤∞‡≤ø‡≤ó‡≥Ç ‡≤π‡≥ä‡≤∏ ‡≤µ‡≤∞‡≥ç‡≤∑‡≤¶ ‡≤π‡≤æ‡≤∞‡≥ç‡≤¶‡≤ø‡≤ï ‡≤∂‡≥Å‡≤≠‡≤æ‡≤∂‡≤Ø‡≤ó‡≤≥‡≥Å.....
#NammaPrabha #MPOfDavangere #newyear #2025",Unknown,480,18,Happy new year mam,0
1171173664566881,"Life is a symphony of moments. Play your part with passion, purpose, and precision.
#NammaPrabha #MPOfDavangere
#ForThePeople #PrabhaForThePeople
#VoiceOfDavangere #DevelopmentForAll
#Davangere #IndianNationalCongress
#INC #Karnataka",Unknown,795,12,Good wishes for the happy new year 2025,0
1171173664566881,"Life is a symphony of moments. Play your part with passion, purpose, and precision.
#NammaPrabha #MPOfDavangere
#ForThePeople #PrabhaForThePeople
#VoiceOfDavangere #DevelopmentForAll
#Davangere #IndianNationalCongress
#INC #Karnataka",Unknown,795,12,Happy new year in advance,0
1171173664566881,"Life is a symphony of moments. Play your part with passion, purpose, and precision.
#NammaPrabha #MPOfDavangere
#ForThePeople #PrabhaForThePeople
#VoiceOfDavangere #DevelopmentForAll
#Davangere #IndianNationalCongress
#INC #Karnataka",Unknown,795,12,Happy New year mam,0
1171173664566881,"Life is a symphony of moments. Play your part with passion, purpose, and precision.
#NammaPrabha #MPOfDavangere
#ForThePeople #PrabhaForThePeople
#VoiceOfDavangere #DevelopmentForAll
#Davangere #IndianNationalCongress
#INC #Karnataka",Unknown,795,12,wish Happy New year.akka,1
1171173664566881,"Life is a symphony of moments. Play your part with passion, purpose, and precision.
#NammaPrabha #MPOfDavangere
#ForThePeople #PrabhaForThePeople
#VoiceOfDavangere #DevelopmentForAll
#Davangere #IndianNationalCongress
#INC #Karnataka",Unknown,795,12,Happy new year üéâüéâüéâ Akka,0
1171173664566881,"Life is a symphony of moments. Play your part with passion, purpose, and precision.
#NammaPrabha #MPOfDavangere
#ForThePeople #PrabhaForThePeople
#VoiceOfDavangere #DevelopmentForAll
#Davangere #IndianNationalCongress
#INC #Karnataka",Unknown,795,12,Happy new year medeum jii saa,0
1171173664566881,"Life is a symphony of moments. Play your part with passion, purpose, and precision.
#NammaPrabha #MPOfDavangere
#ForThePeople #PrabhaForThePeople
#VoiceOfDavangere #DevelopmentForAll
#Davangere #IndianNationalCongress
#INC #Karnataka",Unknown,795,12,Happy New year madam,0
1171173664566881,"Life is a symphony of moments. Play your part with passion, purpose, and precision.
#NammaPrabha #MPOfDavangere
#ForThePeople #PrabhaForThePeople
#VoiceOfDavangere #DevelopmentForAll
#Davangere #IndianNationalCongress
#INC #Karnataka",Unknown,795,12,Happy New Year Madam üôèüôè,0
1170913531259561,"‡≤¶‡≤æ‡≤µ‡≤£‡≤ó‡≥Ü‡≤∞‡≥Ü ‡≤ú‡≤ø‡≤≤‡≥ç‡≤≤‡≥Ü‡≤Ø ‡≤™‡≥ç‡≤∞‡≤µ‡≤æ‡≤∏‡≤ø‡≤§‡≤æ‡≤£‡≤ó‡≤≥ ‡≤∏‡≤Æ‡≤ó‡≥ç‡≤∞ ‡≤Æ‡≤æ‡≤π‡≤ø‡≤§‡≤ø‡≤Ø‡≥ä‡≤Ç‡≤¶‡≤ø‡≤ó‡≥Ü ‡≤∏‡≤ø‡≤¶‡≥ç‡≤¶‡≤™‡≤°‡≤ø‡≤∏‡≤≤‡≤æ‡≤¶ ‡≤®‡≥Ç‡≤§‡≤® 2025 ‡≤∞ ‡≤ï‡≥ç‡≤Ø‡≤æ‡≤≤‡≥Ü‡≤Ç‡≤°‡≤∞‡≥ç...
#NammaPrabha #MPOfDavangere #calender #2025",Unknown,625,86,üôèüôèüôèüôèüôèüôèüôè,0
1170913531259561,"‡≤¶‡≤æ‡≤µ‡≤£‡≤ó‡≥Ü‡≤∞‡≥Ü ‡≤ú‡≤ø‡≤≤‡≥ç‡≤≤‡≥Ü‡≤Ø ‡≤™‡≥ç‡≤∞‡≤µ‡≤æ‡≤∏‡≤ø‡≤§‡≤æ‡≤£‡≤ó‡≤≥ ‡≤∏‡≤Æ‡≤ó‡≥ç‡≤∞ ‡≤Æ‡≤æ‡≤π‡≤ø‡≤§‡≤ø‡≤Ø‡≥ä‡≤Ç‡≤¶‡≤ø‡≤ó‡≥Ü ‡≤∏‡≤ø‡≤¶‡≥ç‡≤¶‡≤™‡≤°‡≤ø‡≤∏‡≤≤‡≤æ‡≤¶ ‡≤®‡≥Ç‡≤§‡≤® 2025 ‡≤∞ ‡≤ï‡≥ç‡≤Ø‡≤æ‡≤≤‡≥Ü‡≤Ç‡≤°‡≤∞‡≥ç...
#NammaPrabha #MPOfDavangere #calender #2025",Unknown,625,86,üëç,0
1170913531259561,"‡≤¶‡≤æ‡≤µ‡≤£‡≤ó‡≥Ü‡≤∞‡≥Ü ‡≤ú‡≤ø‡≤≤‡≥ç‡≤≤‡≥Ü‡≤Ø ‡≤™‡≥ç‡≤∞‡≤µ‡≤æ‡≤∏‡≤ø‡≤§‡≤æ‡≤£‡≤ó‡≤≥ ‡≤∏‡≤Æ‡≤ó‡≥ç‡≤∞ ‡≤Æ‡≤æ‡≤π‡≤ø‡≤§‡≤ø‡≤Ø‡≥ä‡≤Ç‡≤¶‡≤ø‡≤ó‡≥Ü ‡≤∏‡≤ø‡≤¶‡≥ç‡≤¶‡≤™‡≤°‡≤ø‡≤∏‡≤≤‡≤æ‡≤¶ ‡≤®‡≥Ç‡≤§‡≤® 2025 ‡≤∞ ‡≤ï‡≥ç‡≤Ø‡≤æ‡≤≤‡≥Ü‡≤Ç‡≤°‡≤∞‡≥ç...
#NammaPrabha #MPOfDavangere #calender #2025",Unknown,625,86,,0
1170913531259561,"‡≤¶‡≤æ‡≤µ‡≤£‡≤ó‡≥Ü‡≤∞‡≥Ü ‡≤ú‡≤ø‡≤≤‡≥ç‡≤≤‡≥Ü‡≤Ø ‡≤™‡≥ç‡≤∞‡≤µ‡≤æ‡≤∏‡≤ø‡≤§‡≤æ‡≤£‡≤ó‡≤≥ ‡≤∏‡≤Æ‡≤ó‡≥ç‡≤∞ ‡≤Æ‡≤æ‡≤π‡≤ø‡≤§‡≤ø‡≤Ø‡≥ä‡≤Ç‡≤¶‡≤ø‡≤ó‡≥Ü ‡≤∏‡≤ø‡≤¶‡≥ç‡≤¶‡≤™‡≤°‡≤ø‡≤∏‡≤≤‡≤æ‡≤¶ ‡≤®‡≥Ç‡≤§‡≤® 2025 ‡≤∞ ‡≤ï‡≥ç‡≤Ø‡≤æ‡≤≤‡≥Ü‡≤Ç‡≤°‡≤∞‡≥ç...
#NammaPrabha #MPOfDavangere #calender #2025",Unknown,625,86,,0
1170913531259561,"‡≤¶‡≤æ‡≤µ‡≤£‡≤ó‡≥Ü‡≤∞‡≥Ü ‡≤ú‡≤ø‡≤≤‡≥ç‡≤≤‡≥Ü‡≤Ø ‡≤™‡≥ç‡≤∞‡≤µ‡≤æ‡≤∏‡≤ø‡≤§‡≤æ‡≤£‡≤ó‡≤≥ ‡≤∏‡≤Æ‡≤ó‡≥ç‡≤∞ ‡≤Æ‡≤æ‡≤π‡≤ø‡≤§‡≤ø‡≤Ø‡≥ä‡≤Ç‡≤¶‡≤ø‡≤ó‡≥Ü ‡≤∏‡≤ø‡≤¶‡≥ç‡≤¶‡≤™‡≤°‡≤ø‡≤∏‡≤≤‡≤æ‡≤¶ ‡≤®‡≥Ç‡≤§‡≤® 2025 ‡≤∞ ‡≤ï‡≥ç‡≤Ø‡≤æ‡≤≤‡≥Ü‡≤Ç‡≤°‡≤∞‡≥ç...
#NammaPrabha #MPOfDavangere #calender #2025",Unknown,625,86,,0
1170913531259561,"‡≤¶‡≤æ‡≤µ‡≤£‡≤ó‡≥Ü‡≤∞‡≥Ü ‡≤ú‡≤ø‡≤≤‡≥ç‡≤≤‡≥Ü‡≤Ø ‡≤™‡≥ç‡≤∞‡≤µ‡≤æ‡≤∏‡≤ø‡≤§‡≤æ‡≤£‡≤ó‡≤≥ ‡≤∏‡≤Æ‡≤ó‡≥ç‡≤∞ ‡≤Æ‡≤æ‡≤π‡≤ø‡≤§‡≤ø‡≤Ø‡≥ä‡≤Ç‡≤¶‡≤ø‡≤ó‡≥Ü ‡≤∏‡≤ø‡≤¶‡≥ç‡≤¶‡≤™‡≤°‡≤ø‡≤∏‡≤≤‡≤æ‡≤¶ ‡≤®‡≥Ç‡≤§‡≤® 2025 ‡≤∞ ‡≤ï‡≥ç‡≤Ø‡≤æ‡≤≤‡≥Ü‡≤Ç‡≤°‡≤∞‡≥ç...
#NammaPrabha #MPOfDavangere #calender #2025",Unknown,625,86,‡≤®‡≤®‡≤ó‡≥Å ‡≤ï‡≤≥‡≥Ü‡≤∏‡≥Ä ‡≤Æ‡≤æ‡≤°‡≥Ü‡≤Æ‡≥ç,0
1170913531259561,"‡≤¶‡≤æ‡≤µ‡≤£‡≤ó‡≥Ü‡≤∞‡≥Ü ‡≤ú‡≤ø‡≤≤‡≥ç‡≤≤‡≥Ü‡≤Ø ‡≤™‡≥ç‡≤∞‡≤µ‡≤æ‡≤∏‡≤ø‡≤§‡≤æ‡≤£‡≤ó‡≤≥ ‡≤∏‡≤Æ‡≤ó‡≥ç‡≤∞ ‡≤Æ‡≤æ‡≤π‡≤ø‡≤§‡≤ø‡≤Ø‡≥ä‡≤Ç‡≤¶‡≤ø‡≤ó‡≥Ü ‡≤∏‡≤ø‡≤¶‡≥ç‡≤¶‡≤™‡≤°‡≤ø‡≤∏‡≤≤‡≤æ‡≤¶ ‡≤®‡≥Ç‡≤§‡≤® 2025 ‡≤∞ ‡≤ï‡≥ç‡≤Ø‡≤æ‡≤≤‡≥Ü‡≤Ç‡≤°‡≤∞‡≥ç...
#NammaPrabha #MPOfDavangere #calender #2025",Unknown,625,86,"‡≤ö‡≤®‡≥ç‡≤®‡≤ó‡≤ø‡≤∞‡≤ø ‡≤ï‡≥ã‡≤ü‡≥Ü ‡≤ï‡≥Ç‡≤° ‡≤í‡≤Ç‡≤¶‡≥Å ‡≤™‡≥ç‡≤∞‡≤µ‡≤æ‡≤∏‡≤ø ‡≤§‡≤æ‡≤£ 
‡≤ö‡≥Ü‡≤®‡≥ç‡≤®‡≤Æ‡≥ç‡≤Æ‡≤æ‡≤ú‡≤ø ‡≤ï‡≥ã‡≤ü‡≥Ü",0
1170913531259561,"‡≤¶‡≤æ‡≤µ‡≤£‡≤ó‡≥Ü‡≤∞‡≥Ü ‡≤ú‡≤ø‡≤≤‡≥ç‡≤≤‡≥Ü‡≤Ø ‡≤™‡≥ç‡≤∞‡≤µ‡≤æ‡≤∏‡≤ø‡≤§‡≤æ‡≤£‡≤ó‡≤≥ ‡≤∏‡≤Æ‡≤ó‡≥ç‡≤∞ ‡≤Æ‡≤æ‡≤π‡≤ø‡≤§‡≤ø‡≤Ø‡≥ä‡≤Ç‡≤¶‡≤ø‡≤ó‡≥Ü ‡≤∏‡≤ø‡≤¶‡≥ç‡≤¶‡≤™‡≤°‡≤ø‡≤∏‡≤≤‡≤æ‡≤¶ ‡≤®‡≥Ç‡≤§‡≤® 2025 ‡≤∞ ‡≤ï‡≥ç‡≤Ø‡≤æ‡≤≤‡≥Ü‡≤Ç‡≤°‡≤∞‡≥ç...
#NammaPrabha #MPOfDavangere #calender #2025",Unknown,625,86,‡≤Æ‡≥á‡≤°‡≤Ç ‡≤™‡≥ç‡≤∞‡≤•‡≤Æ ‡≤∏‡≥ç‡≤•‡≤æ‡≤®‡≤µ‡≤®‡≥ç‡≤®‡≥Å ‡≤™‡≤°‡≥Ü‡≤Ø‡≤¨‡≥á‡≤ï‡≤æ‡≤ó‡≤ø‡≤¶‡≥ç‡≤¶‡≥Å ‡≤ê‡≤§‡≤ø‡≤π‡≤æ‡≤∏‡≤ø‡≤ï ‡≤™‡≥Å‡≤∑‡≥ç‡≤ï‡≤∞‡≤£‡≤ø ‡≤∏‡≤Ç‡≤§‡≥Ü‡≤¨‡≥Ü‡≤®‡≥ç‡≤®‡≥Ç‡≤∞‡≥Å.,0
1170913531259561,"‡≤¶‡≤æ‡≤µ‡≤£‡≤ó‡≥Ü‡≤∞‡≥Ü ‡≤ú‡≤ø‡≤≤‡≥ç‡≤≤‡≥Ü‡≤Ø ‡≤™‡≥ç‡≤∞‡≤µ‡≤æ‡≤∏‡≤ø‡≤§‡≤æ‡≤£‡≤ó‡≤≥ ‡≤∏‡≤Æ‡≤ó‡≥ç‡≤∞ ‡≤Æ‡≤æ‡≤π‡≤ø‡≤§‡≤ø‡≤Ø‡≥ä‡≤Ç‡≤¶‡≤ø‡≤ó‡≥Ü ‡≤∏‡≤ø‡≤¶‡≥ç‡≤¶‡≤™‡≤°‡≤ø‡≤∏‡≤≤‡≤æ‡≤¶ ‡≤®‡≥Ç‡≤§‡≤® 2025 ‡≤∞ ‡≤ï‡≥ç‡≤Ø‡≤æ‡≤≤‡≥Ü‡≤Ç‡≤°‡≤∞‡≥ç...
#NammaPrabha #MPOfDavangere #calender #2025",Unknown,625,86,üëåüëåüëçüëçüíêüíê,0
1171173664566881,"Life is a symphony of moments. Play your part with passion, purpose, and precision.
#NammaPrabha #MPOfDavangere
#ForThePeople #PrabhaForThePeople
#VoiceOfDavangere #DevelopmentForAll
#Davangere #IndianNationalCongress
#INC #Karnataka",Unknown,795,12,Wishu happy new year akka,0
1171173664566881,"Life is a symphony of moments. Play your part with passion, purpose, and precision.
#NammaPrabha #MPOfDavangere
#ForThePeople #PrabhaForThePeople
#VoiceOfDavangere #DevelopmentForAll
#Davangere #IndianNationalCongress
#INC #Karnataka",Unknown,795,12,Wish  Happy  New  Year  m. P. akka,0
1171173664566881,"Life is a symphony of moments. Play your part with passion, purpose, and precision.
#NammaPrabha #MPOfDavangere
#ForThePeople #PrabhaForThePeople
#VoiceOfDavangere #DevelopmentForAll
#Davangere #IndianNationalCongress
#INC #Karnataka",Unknown,795,12,Happy new year,0
1171173664566881,"Life is a symphony of moments. Play your part with passion, purpose, and precision.
#NammaPrabha #MPOfDavangere
#ForThePeople #PrabhaForThePeople
#VoiceOfDavangere #DevelopmentForAll
#Davangere #IndianNationalCongress
#INC #Karnataka",Unknown,795,12,"Happy new year madam 
üôèüôèüåπüåπüíêüíêüôèüôè",0
1171173664566881,"Life is a symphony of moments. Play your part with passion, purpose, and precision.
#NammaPrabha #MPOfDavangere
#ForThePeople #PrabhaForThePeople
#VoiceOfDavangere #DevelopmentForAll
#Davangere #IndianNationalCongress
#INC #Karnataka",Unknown,795,12,Happy New year,0
1171173664566881,"Life is a symphony of moments. Play your part with passion, purpose, and precision.
#NammaPrabha #MPOfDavangere
#ForThePeople #PrabhaForThePeople
#VoiceOfDavangere #DevelopmentForAll
#Davangere #IndianNationalCongress
#INC #Karnataka",Unknown,795,12,Jai prabamma,0
1171173664566881,"Life is a symphony of moments. Play your part with passion, purpose, and precision.
#NammaPrabha #MPOfDavangere
#ForThePeople #PrabhaForThePeople
#VoiceOfDavangere #DevelopmentForAll
#Davangere #IndianNationalCongress
#INC #Karnataka",Unknown,795,12,Happy new year Madamüíêüíêüíê,0
1171258714558376,"‡≤π‡≥ä‡≤∏ ‡≤µ‡≤∞‡≥ç‡≤∑‡≤µ‡≥Å ‡≤é‡≤≤‡≥ç‡≤≤‡≤∞ ‡≤¨‡≤æ‡≤≥‡≤ø‡≤®‡≤≤‡≥ç‡≤≤‡≤ø ‡≤π‡≥ä‡≤∏ ‡≤ï‡≤®‡≤∏‡≥Å‡≤ó‡≤≥‡≤ø‡≤ó‡≥Ü ‡≤¨‡≥Ü‡≤≥‡≤ï‡≤æ‡≤ó‡≤ø, ‡≤π‡≥ä‡≤∏ ‡≤™‡≥ç‡≤∞‡≤Ø‡≤§‡≥ç‡≤®‡≤ó‡≤≥‡≤ø‡≤ó‡≥Ü ‡≤∂‡≤ï‡≥ç‡≤§‡≤ø‡≤Ø‡≤æ‡≤ó‡≤≤‡≤ø. 2025 ‡≤∞ ‡≤à ‡≤µ‡≤∞‡≥ç‡≤∑ ‡≤®‡≤ø‡≤Æ‡≥ç‡≤Æ‡≥Ü‡≤≤‡≥ç‡≤≤‡≤∞ ‡≤™‡≥ç‡≤∞‡≤§‡≤ø ‡≤π‡≥Ü‡≤ú‡≥ç‡≤ú‡≥Ü‡≤Ø‡≥Ç ‡≤Ø‡≤∂‡≤∏‡≥ç‡≤∏‡≥Å ‡≤§‡≤∞‡≥Å‡≤µ‡≤Ç‡≤§‡≤æ‡≤ó‡≤≤‡≤ø. ‡≤ú‡≥Ä‡≤µ‡≤®‡≤¶‡≤≤‡≥ç‡≤≤‡≤ø ‡≤∂‡≤æ‡≤Ç‡≤§‡≤ø,‡≤∏‡≤Æ‡≥É‡≤¶‡≥ç‡≤¶‡≤ø, ‡≤Ü‡≤∞‡≥ã‡≤ó‡≥ç‡≤Ø ‡≤π‡≥Ü‡≤ö‡≥ç‡≤ö‡≤æ‡≤ó‡≤≤‡≤ø.... 
‡≤é‡≤≤‡≥ç‡≤≤‡≤∞‡≤ø‡≤ó‡≥Ç ‡≤π‡≥ä‡≤∏ ‡≤µ‡≤∞‡≥ç‡≤∑‡≤¶ ‡≤π‡≤æ‡≤∞‡≥ç‡≤¶‡≤ø‡≤ï ‡≤∂‡≥Å‡≤≠‡≤æ‡≤∂‡≤Ø‡≤ó‡≤≥‡≥Å.....
#NammaPrabha #MPOfDavangere #newyear #2025",Unknown,480,18,Happy New year Madam,0
1171258714558376,"‡≤π‡≥ä‡≤∏ ‡≤µ‡≤∞‡≥ç‡≤∑‡≤µ‡≥Å ‡≤é‡≤≤‡≥ç‡≤≤‡≤∞ ‡≤¨‡≤æ‡≤≥‡≤ø‡≤®‡≤≤‡≥ç‡≤≤‡≤ø ‡≤π‡≥ä‡≤∏ ‡≤ï‡≤®‡≤∏‡≥Å‡≤ó‡≤≥‡≤ø‡≤ó‡≥Ü ‡≤¨‡≥Ü‡≤≥‡≤ï‡≤æ‡≤ó‡≤ø, ‡≤π‡≥ä‡≤∏ ‡≤™‡≥ç‡≤∞‡≤Ø‡≤§‡≥ç‡≤®‡≤ó‡≤≥‡≤ø‡≤ó‡≥Ü ‡≤∂‡≤ï‡≥ç‡≤§‡≤ø‡≤Ø‡≤æ‡≤ó‡≤≤‡≤ø. 2025 ‡≤∞ ‡≤à ‡≤µ‡≤∞‡≥ç‡≤∑ ‡≤®‡≤ø‡≤Æ‡≥ç‡≤Æ‡≥Ü‡≤≤‡≥ç‡≤≤‡≤∞ ‡≤™‡≥ç‡≤∞‡≤§‡≤ø ‡≤π‡≥Ü‡≤ú‡≥ç‡≤ú‡≥Ü‡≤Ø‡≥Ç ‡≤Ø‡≤∂‡≤∏‡≥ç‡≤∏‡≥Å ‡≤§‡≤∞‡≥Å‡≤µ‡≤Ç‡≤§‡≤æ‡≤ó‡≤≤‡≤ø. ‡≤ú‡≥Ä‡≤µ‡≤®‡≤¶‡≤≤‡≥ç‡≤≤‡≤ø ‡≤∂‡≤æ‡≤Ç‡≤§‡≤ø,‡≤∏‡≤Æ‡≥É‡≤¶‡≥ç‡≤¶‡≤ø, ‡≤Ü‡≤∞‡≥ã‡≤ó‡≥ç‡≤Ø ‡≤π‡≥Ü‡≤ö‡≥ç‡≤ö‡≤æ‡≤ó‡≤≤‡≤ø.... 
‡≤é‡≤≤‡≥ç‡≤≤‡≤∞‡≤ø‡≤ó‡≥Ç ‡≤π‡≥ä‡≤∏ ‡≤µ‡≤∞‡≥ç‡≤∑‡≤¶ ‡≤π‡≤æ‡≤∞‡≥ç‡≤¶‡≤ø‡≤ï ‡≤∂‡≥Å‡≤≠‡≤æ‡≤∂‡≤Ø‡≤ó‡≤≥‡≥Å.....
#NammaPrabha #MPOfDavangere #newyear #2025",Unknown,480,18,Happy new year Madam,0
1170913531259561,"‡≤¶‡≤æ‡≤µ‡≤£‡≤ó‡≥Ü‡≤∞‡≥Ü ‡≤ú‡≤ø‡≤≤‡≥ç‡≤≤‡≥Ü‡≤Ø ‡≤™‡≥ç‡≤∞‡≤µ‡≤æ‡≤∏‡≤ø‡≤§‡≤æ‡≤£‡≤ó‡≤≥ ‡≤∏‡≤Æ‡≤ó‡≥ç‡≤∞ ‡≤Æ‡≤æ‡≤π‡≤ø‡≤§‡≤ø‡≤Ø‡≥ä‡≤Ç‡≤¶‡≤ø‡≤ó‡≥Ü ‡≤∏‡≤ø‡≤¶‡≥ç‡≤¶‡≤™‡≤°‡≤ø‡≤∏‡≤≤‡≤æ‡≤¶ ‡≤®‡≥Ç‡≤§‡≤® 2025 ‡≤∞ ‡≤ï‡≥ç‡≤Ø‡≤æ‡≤≤‡≥Ü‡≤Ç‡≤°‡≤∞‡≥ç...
#NammaPrabha #MPOfDavangere #calender #2025",Unknown,625,86,‡≤Ö‡≤≠‡≤ø‡≤Æ‡≤æ‡≤®‡≤ø‡≤ó‡≥Ü ‡≤∏‡≤ø‡≤ó‡≥ç‡≤≤‡≥á ‡≤¨‡≥á‡≤ï‡≥Å,0
1170913531259561,"‡≤¶‡≤æ‡≤µ‡≤£‡≤ó‡≥Ü‡≤∞‡≥Ü ‡≤ú‡≤ø‡≤≤‡≥ç‡≤≤‡≥Ü‡≤Ø ‡≤™‡≥ç‡≤∞‡≤µ‡≤æ‡≤∏‡≤ø‡≤§‡≤æ‡≤£‡≤ó‡≤≥ ‡≤∏‡≤Æ‡≤ó‡≥ç‡≤∞ ‡≤Æ‡≤æ‡≤π‡≤ø‡≤§‡≤ø‡≤Ø‡≥ä‡≤Ç‡≤¶‡≤ø‡≤ó‡≥Ü ‡≤∏‡≤ø‡≤¶‡≥ç‡≤¶‡≤™‡≤°‡≤ø‡≤∏‡≤≤‡≤æ‡≤¶ ‡≤®‡≥Ç‡≤§‡≤® 2025 ‡≤∞ ‡≤ï‡≥ç‡≤Ø‡≤æ‡≤≤‡≥Ü‡≤Ç‡≤°‡≤∞‡≥ç...
#NammaPrabha #MPOfDavangere #calender #2025",Unknown,625,86,,0
1171258714558376,"‡≤π‡≥ä‡≤∏ ‡≤µ‡≤∞‡≥ç‡≤∑‡≤µ‡≥Å ‡≤é‡≤≤‡≥ç‡≤≤‡≤∞ ‡≤¨‡≤æ‡≤≥‡≤ø‡≤®‡≤≤‡≥ç‡≤≤‡≤ø ‡≤π‡≥ä‡≤∏ ‡≤ï‡≤®‡≤∏‡≥Å‡≤ó‡≤≥‡≤ø‡≤ó‡≥Ü ‡≤¨‡≥Ü‡≤≥‡≤ï‡≤æ‡≤ó‡≤ø, ‡≤π‡≥ä‡≤∏ ‡≤™‡≥ç‡≤∞‡≤Ø‡≤§‡≥ç‡≤®‡≤ó‡≤≥‡≤ø‡≤ó‡≥Ü ‡≤∂‡≤ï‡≥ç‡≤§‡≤ø‡≤Ø‡≤æ‡≤ó‡≤≤‡≤ø. 2025 ‡≤∞ ‡≤à ‡≤µ‡≤∞‡≥ç‡≤∑ ‡≤®‡≤ø‡≤Æ‡≥ç‡≤Æ‡≥Ü‡≤≤‡≥ç‡≤≤‡≤∞ ‡≤™‡≥ç‡≤∞‡≤§‡≤ø ‡≤π‡≥Ü‡≤ú‡≥ç‡≤ú‡≥Ü‡≤Ø‡≥Ç ‡≤Ø‡≤∂‡≤∏‡≥ç‡≤∏‡≥Å ‡≤§‡≤∞‡≥Å‡≤µ‡≤Ç‡≤§‡≤æ‡≤ó‡≤≤‡≤ø. ‡≤ú‡≥Ä‡≤µ‡≤®‡≤¶‡≤≤‡≥ç‡≤≤‡≤ø ‡≤∂‡≤æ‡≤Ç‡≤§‡≤ø,‡≤∏‡≤Æ‡≥É‡≤¶‡≥ç‡≤¶‡≤ø, ‡≤Ü‡≤∞‡≥ã‡≤ó‡≥ç‡≤Ø ‡≤π‡≥Ü‡≤ö‡≥ç‡≤ö‡≤æ‡≤ó‡≤≤‡≤ø.... 
‡≤é‡≤≤‡≥ç‡≤≤‡≤∞‡≤ø‡≤ó‡≥Ç ‡≤π‡≥ä‡≤∏ ‡≤µ‡≤∞‡≥ç‡≤∑‡≤¶ ‡≤π‡≤æ‡≤∞‡≥ç‡≤¶‡≤ø‡≤ï ‡≤∂‡≥Å‡≤≠‡≤æ‡≤∂‡≤Ø‡≤ó‡≤≥‡≥Å.....
#NammaPrabha #MPOfDavangere #newyear #2025",Unknown,480,18,‡≤π‡≥ä‡≤∏ ‡≤µ‡≤∞‡≥ç‡≤∑‡≤¶ ‡≤∂‡≥Å‡≤≠‡≤æ‡≤∂‡≤Ø‡≤ó‡≤≥‡≥Å ‡≤®‡≤ø‡≤Æ‡≤ó‡≥Ç ‡≤Æ‡≤§‡≥ç‡≤§‡≥Å ‡≤®‡≤ø‡≤Æ‡≥ç‡≤Æ ‡≤ï‡≥Å‡≤ü‡≥Å‡≤Ç‡≤¨‡≤¶‡≤µ‡≤∞‡≤ø‡≤ó‡≥Ç,1
1171258714558376,"‡≤π‡≥ä‡≤∏ ‡≤µ‡≤∞‡≥ç‡≤∑‡≤µ‡≥Å ‡≤é‡≤≤‡≥ç‡≤≤‡≤∞ ‡≤¨‡≤æ‡≤≥‡≤ø‡≤®‡≤≤‡≥ç‡≤≤‡≤ø ‡≤π‡≥ä‡≤∏ ‡≤ï‡≤®‡≤∏‡≥Å‡≤ó‡≤≥‡≤ø‡≤ó‡≥Ü ‡≤¨‡≥Ü‡≤≥‡≤ï‡≤æ‡≤ó‡≤ø, ‡≤π‡≥ä‡≤∏ ‡≤™‡≥ç‡≤∞‡≤Ø‡≤§‡≥ç‡≤®‡≤ó‡≤≥‡≤ø‡≤ó‡≥Ü ‡≤∂‡≤ï‡≥ç‡≤§‡≤ø‡≤Ø‡≤æ‡≤ó‡≤≤‡≤ø. 2025 ‡≤∞ ‡≤à ‡≤µ‡≤∞‡≥ç‡≤∑ ‡≤®‡≤ø‡≤Æ‡≥ç‡≤Æ‡≥Ü‡≤≤‡≥ç‡≤≤‡≤∞ ‡≤™‡≥ç‡≤∞‡≤§‡≤ø ‡≤π‡≥Ü‡≤ú‡≥ç‡≤ú‡≥Ü‡≤Ø‡≥Ç ‡≤Ø‡≤∂‡≤∏‡≥ç‡≤∏‡≥Å ‡≤§‡≤∞‡≥Å‡≤µ‡≤Ç‡≤§‡≤æ‡≤ó‡≤≤‡≤ø. ‡≤ú‡≥Ä‡≤µ‡≤®‡≤¶‡≤≤‡≥ç‡≤≤‡≤ø ‡≤∂‡≤æ‡≤Ç‡≤§‡≤ø,‡≤∏‡≤Æ‡≥É‡≤¶‡≥ç‡≤¶‡≤ø, ‡≤Ü‡≤∞‡≥ã‡≤ó‡≥ç‡≤Ø ‡≤π‡≥Ü‡≤ö‡≥ç‡≤ö‡≤æ‡≤ó‡≤≤‡≤ø.... 
‡≤é‡≤≤‡≥ç‡≤≤‡≤∞‡≤ø‡≤ó‡≥Ç ‡≤π‡≥ä‡≤∏ ‡≤µ‡≤∞‡≥ç‡≤∑‡≤¶ ‡≤π‡≤æ‡≤∞‡≥ç‡≤¶‡≤ø‡≤ï ‡≤∂‡≥Å‡≤≠‡≤æ‡≤∂‡≤Ø‡≤ó‡≤≥‡≥Å.....
#NammaPrabha #MPOfDavangere #newyear #2025",Unknown,480,18,‡≥®‡≥¶‡≥®‡≥´ ‡≤®‡≥á ‡≤µ‡≤∞‡≥ç‡≤∑‡≤µ‡≥Å ‡≤®‡≤ø‡≤Æ‡≤ó‡≥Ü ‡≤∂‡≥Å‡≤≠‡≤¶‡≤æ‡≤Ø‡≤ï‡≤µ‡≤æ‡≤ó‡≤≤‡≤ø.,0
1171258714558376,"‡≤π‡≥ä‡≤∏ ‡≤µ‡≤∞‡≥ç‡≤∑‡≤µ‡≥Å ‡≤é‡≤≤‡≥ç‡≤≤‡≤∞ ‡≤¨‡≤æ‡≤≥‡≤ø‡≤®‡≤≤‡≥ç‡≤≤‡≤ø ‡≤π‡≥ä‡≤∏ ‡≤ï‡≤®‡≤∏‡≥Å‡≤ó‡≤≥‡≤ø‡≤ó‡≥Ü ‡≤¨‡≥Ü‡≤≥‡≤ï‡≤æ‡≤ó‡≤ø, ‡≤π‡≥ä‡≤∏ ‡≤™‡≥ç‡≤∞‡≤Ø‡≤§‡≥ç‡≤®‡≤ó‡≤≥‡≤ø‡≤ó‡≥Ü ‡≤∂‡≤ï‡≥ç‡≤§‡≤ø‡≤Ø‡≤æ‡≤ó‡≤≤‡≤ø. 2025 ‡≤∞ ‡≤à ‡≤µ‡≤∞‡≥ç‡≤∑ ‡≤®‡≤ø‡≤Æ‡≥ç‡≤Æ‡≥Ü‡≤≤‡≥ç‡≤≤‡≤∞ ‡≤™‡≥ç‡≤∞‡≤§‡≤ø ‡≤π‡≥Ü‡≤ú‡≥ç‡≤ú‡≥Ü‡≤Ø‡≥Ç ‡≤Ø‡≤∂‡≤∏‡≥ç‡≤∏‡≥Å ‡≤§‡≤∞‡≥Å‡≤µ‡≤Ç‡≤§‡≤æ‡≤ó‡≤≤‡≤ø. ‡≤ú‡≥Ä‡≤µ‡≤®‡≤¶‡≤≤‡≥ç‡≤≤‡≤ø ‡≤∂‡≤æ‡≤Ç‡≤§‡≤ø,‡≤∏‡≤Æ‡≥É‡≤¶‡≥ç‡≤¶‡≤ø, ‡≤Ü‡≤∞‡≥ã‡≤ó‡≥ç‡≤Ø ‡≤π‡≥Ü‡≤ö‡≥ç‡≤ö‡≤æ‡≤ó‡≤≤‡≤ø.... 
‡≤é‡≤≤‡≥ç‡≤≤‡≤∞‡≤ø‡≤ó‡≥Ç ‡≤π‡≥ä‡≤∏ ‡≤µ‡≤∞‡≥ç‡≤∑‡≤¶ ‡≤π‡≤æ‡≤∞‡≥ç‡≤¶‡≤ø‡≤ï ‡≤∂‡≥Å‡≤≠‡≤æ‡≤∂‡≤Ø‡≤ó‡≤≥‡≥Å.....
#NammaPrabha #MPOfDavangere #newyear #2025",Unknown,480,18,,0
1171173664566881,"Life is a symphony of moments. Play your part with passion, purpose, and precision.
#NammaPrabha #MPOfDavangere
#ForThePeople #PrabhaForThePeople
#VoiceOfDavangere #DevelopmentForAll
#Davangere #IndianNationalCongress
#INC #Karnataka",Unknown,795,12,üôèüåπüôè,0
1171173664566881,"Life is a symphony of moments. Play your part with passion, purpose, and precision.
#NammaPrabha #MPOfDavangere
#ForThePeople #PrabhaForThePeople
#VoiceOfDavangere #DevelopmentForAll
#Davangere #IndianNationalCongress
#INC #Karnataka",Unknown,795,12,‡≤∏‡≤ø‡≤∞‡≤ø‡≤ó‡≥å‡≤∞‡≤øüòòüòò,0
1171173664566881,"Life is a symphony of moments. Play your part with passion, purpose, and precision.
#NammaPrabha #MPOfDavangere
#ForThePeople #PrabhaForThePeople
#VoiceOfDavangere #DevelopmentForAll
#Davangere #IndianNationalCongress
#INC #Karnataka",Unknown,795,12,‡≤ï‡≤∞‡≥ç‡≤®‡≤æ‡≤ü‡≤ï‡≤¶ ‡≤Ö‡≤Æ‡≥ç‡≤Æ üëç,0
1171173664566881,"Life is a symphony of moments. Play your part with passion, purpose, and precision.
#NammaPrabha #MPOfDavangere
#ForThePeople #PrabhaForThePeople
#VoiceOfDavangere #DevelopmentForAll
#Davangere #IndianNationalCongress
#INC #Karnataka",Unknown,795,12,,0
1171173664566881,"Life is a symphony of moments. Play your part with passion, purpose, and precision.
#NammaPrabha #MPOfDavangere
#ForThePeople #PrabhaForThePeople
#VoiceOfDavangere #DevelopmentForAll
#Davangere #IndianNationalCongress
#INC #Karnataka",Unknown,795,12,,0
1171173664566881,"Life is a symphony of moments. Play your part with passion, purpose, and precision.
#NammaPrabha #MPOfDavangere
#ForThePeople #PrabhaForThePeople
#VoiceOfDavangere #DevelopmentForAll
#Davangere #IndianNationalCongress
#INC #Karnataka",Unknown,795,12,üåπüôèüèªüå∑,0
1171173664566881,"Life is a symphony of moments. Play your part with passion, purpose, and precision.
#NammaPrabha #MPOfDavangere
#ForThePeople #PrabhaForThePeople
#VoiceOfDavangere #DevelopmentForAll
#Davangere #IndianNationalCongress
#INC #Karnataka",Unknown,795,12,,0
1171173664566881,"Life is a symphony of moments. Play your part with passion, purpose, and precision.
#NammaPrabha #MPOfDavangere
#ForThePeople #PrabhaForThePeople
#VoiceOfDavangere #DevelopmentForAll
#Davangere #IndianNationalCongress
#INC #Karnataka",Unknown,795,12,üôèüôèüôèüôèüôèüôèüôèüôèüôèüôèüôèüôèüôèüôèüôèüôèüôèüôèüôèüôè,0
1171173664566881,"Life is a symphony of moments. Play your part with passion, purpose, and precision.
#NammaPrabha #MPOfDavangere
#ForThePeople #PrabhaForThePeople
#VoiceOfDavangere #DevelopmentForAll
#Davangere #IndianNationalCongress
#INC #Karnataka",Unknown,795,12,,0
1171173664566881,"Life is a symphony of moments. Play your part with passion, purpose, and precision.
#NammaPrabha #MPOfDavangere
#ForThePeople #PrabhaForThePeople
#VoiceOfDavangere #DevelopmentForAll
#Davangere #IndianNationalCongress
#INC #Karnataka",Unknown,795,12,üôè,0
1171173664566881,"Life is a symphony of moments. Play your part with passion, purpose, and precision.
#NammaPrabha #MPOfDavangere
#ForThePeople #PrabhaForThePeople
#VoiceOfDavangere #DevelopmentForAll
#Davangere #IndianNationalCongress
#INC #Karnataka",Unknown,795,12,,0
1171173664566881,"Life is a symphony of moments. Play your part with passion, purpose, and precision.
#NammaPrabha #MPOfDavangere
#ForThePeople #PrabhaForThePeople
#VoiceOfDavangere #DevelopmentForAll
#Davangere #IndianNationalCongress
#INC #Karnataka",Unknown,795,12,,0
1171258714558376,"‡≤π‡≥ä‡≤∏ ‡≤µ‡≤∞‡≥ç‡≤∑‡≤µ‡≥Å ‡≤é‡≤≤‡≥ç‡≤≤‡≤∞ ‡≤¨‡≤æ‡≤≥‡≤ø‡≤®‡≤≤‡≥ç‡≤≤‡≤ø ‡≤π‡≥ä‡≤∏ ‡≤ï‡≤®‡≤∏‡≥Å‡≤ó‡≤≥‡≤ø‡≤ó‡≥Ü ‡≤¨‡≥Ü‡≤≥‡≤ï‡≤æ‡≤ó‡≤ø, ‡≤π‡≥ä‡≤∏ ‡≤™‡≥ç‡≤∞‡≤Ø‡≤§‡≥ç‡≤®‡≤ó‡≤≥‡≤ø‡≤ó‡≥Ü ‡≤∂‡≤ï‡≥ç‡≤§‡≤ø‡≤Ø‡≤æ‡≤ó‡≤≤‡≤ø. 2025 ‡≤∞ ‡≤à ‡≤µ‡≤∞‡≥ç‡≤∑ ‡≤®‡≤ø‡≤Æ‡≥ç‡≤Æ‡≥Ü‡≤≤‡≥ç‡≤≤‡≤∞ ‡≤™‡≥ç‡≤∞‡≤§‡≤ø ‡≤π‡≥Ü‡≤ú‡≥ç‡≤ú‡≥Ü‡≤Ø‡≥Ç ‡≤Ø‡≤∂‡≤∏‡≥ç‡≤∏‡≥Å ‡≤§‡≤∞‡≥Å‡≤µ‡≤Ç‡≤§‡≤æ‡≤ó‡≤≤‡≤ø. ‡≤ú‡≥Ä‡≤µ‡≤®‡≤¶‡≤≤‡≥ç‡≤≤‡≤ø ‡≤∂‡≤æ‡≤Ç‡≤§‡≤ø,‡≤∏‡≤Æ‡≥É‡≤¶‡≥ç‡≤¶‡≤ø, ‡≤Ü‡≤∞‡≥ã‡≤ó‡≥ç‡≤Ø ‡≤π‡≥Ü‡≤ö‡≥ç‡≤ö‡≤æ‡≤ó‡≤≤‡≤ø.... 
‡≤é‡≤≤‡≥ç‡≤≤‡≤∞‡≤ø‡≤ó‡≥Ç ‡≤π‡≥ä‡≤∏ ‡≤µ‡≤∞‡≥ç‡≤∑‡≤¶ ‡≤π‡≤æ‡≤∞‡≥ç‡≤¶‡≤ø‡≤ï ‡≤∂‡≥Å‡≤≠‡≤æ‡≤∂‡≤Ø‡≤ó‡≤≥‡≥Å.....
#NammaPrabha #MPOfDavangere #newyear #2025",Unknown,480,18,‡≤π‡≥ä‡≤∏ ‡≤µ‡≤∞‡≥ç‡≤∑‡≤¶ ‡≤π‡≤æ‡≤∞‡≥ç‡≤¶‡≤ø‡≤ï ‡≤∂‡≥Å‡≤≠‡≤æ‡≤∂‡≤Ø‡≤ó‡≤≥‡≥Å ‡≤Æ‡≥á‡≤°‡≤Ç,0
1171258714558376,"‡≤π‡≥ä‡≤∏ ‡≤µ‡≤∞‡≥ç‡≤∑‡≤µ‡≥Å ‡≤é‡≤≤‡≥ç‡≤≤‡≤∞ ‡≤¨‡≤æ‡≤≥‡≤ø‡≤®‡≤≤‡≥ç‡≤≤‡≤ø ‡≤π‡≥ä‡≤∏ ‡≤ï‡≤®‡≤∏‡≥Å‡≤ó‡≤≥‡≤ø‡≤ó‡≥Ü ‡≤¨‡≥Ü‡≤≥‡≤ï‡≤æ‡≤ó‡≤ø, ‡≤π‡≥ä‡≤∏ ‡≤™‡≥ç‡≤∞‡≤Ø‡≤§‡≥ç‡≤®‡≤ó‡≤≥‡≤ø‡≤ó‡≥Ü ‡≤∂‡≤ï‡≥ç‡≤§‡≤ø‡≤Ø‡≤æ‡≤ó‡≤≤‡≤ø. 2025 ‡≤∞ ‡≤à ‡≤µ‡≤∞‡≥ç‡≤∑ ‡≤®‡≤ø‡≤Æ‡≥ç‡≤Æ‡≥Ü‡≤≤‡≥ç‡≤≤‡≤∞ ‡≤™‡≥ç‡≤∞‡≤§‡≤ø ‡≤π‡≥Ü‡≤ú‡≥ç‡≤ú‡≥Ü‡≤Ø‡≥Ç ‡≤Ø‡≤∂‡≤∏‡≥ç‡≤∏‡≥Å ‡≤§‡≤∞‡≥Å‡≤µ‡≤Ç‡≤§‡≤æ‡≤ó‡≤≤‡≤ø. ‡≤ú‡≥Ä‡≤µ‡≤®‡≤¶‡≤≤‡≥ç‡≤≤‡≤ø ‡≤∂‡≤æ‡≤Ç‡≤§‡≤ø,‡≤∏‡≤Æ‡≥É‡≤¶‡≥ç‡≤¶‡≤ø, ‡≤Ü‡≤∞‡≥ã‡≤ó‡≥ç‡≤Ø ‡≤π‡≥Ü‡≤ö‡≥ç‡≤ö‡≤æ‡≤ó‡≤≤‡≤ø.... 
‡≤é‡≤≤‡≥ç‡≤≤‡≤∞‡≤ø‡≤ó‡≥Ç ‡≤π‡≥ä‡≤∏ ‡≤µ‡≤∞‡≥ç‡≤∑‡≤¶ ‡≤π‡≤æ‡≤∞‡≥ç‡≤¶‡≤ø‡≤ï ‡≤∂‡≥Å‡≤≠‡≤æ‡≤∂‡≤Ø‡≤ó‡≤≥‡≥Å.....
#NammaPrabha #MPOfDavangere #newyear #2025",Unknown,480,18,‡≤π‡≥ä‡≤∏ ‡≤µ‡≤∞‡≥ç‡≤∂‡≤¶ ‡≤∂‡≥Å‡≤≠‡≤æ‡≤∂‡≤Ø‡≤ó‡≤≥‡≥Å 2025  üíêüíêüíêüíê,0
1171173664566881,"Life is a symphony of moments. Play your part with passion, purpose, and precision.
#NammaPrabha #MPOfDavangere
#ForThePeople #PrabhaForThePeople
#VoiceOfDavangere #DevelopmentForAll
#Davangere #IndianNationalCongress
#INC #Karnataka",Unknown,795,12,‡≤π‡≥ä‡≤∏ ‡≤µ‡≤∞‡≥ç‡≤∑‡≤¶ ‡≤∂‡≥Å‡≤≠‡≤æ‡≤∂‡≤Ø‡≤ó‡≤≥‡≥Å ‡≤Æ‡≥á‡≤°‡≤Æ‡≥ç üôèüôèüôèüôèüôè,0
1171173664566881,"Life is a symphony of moments. Play your part with passion, purpose, and precision.
#NammaPrabha #MPOfDavangere
#ForThePeople #PrabhaForThePeople
#VoiceOfDavangere #DevelopmentForAll
#Davangere #IndianNationalCongress
#INC #Karnataka",Unknown,795,12,Next ‡≤∏‡≤ø‡≤é‡≤Ç,0
1171173664566881,"Life is a symphony of moments. Play your part with passion, purpose, and precision.
#NammaPrabha #MPOfDavangere
#ForThePeople #PrabhaForThePeople
#VoiceOfDavangere #DevelopmentForAll
#Davangere #IndianNationalCongress
#INC #Karnataka",Unknown,795,12,‡≤π‡≥ä‡≤∏ ‡≤µ‡≤∞‡≥ç‡≤∑‡≤¶ ‡≤∂‡≥Å‡≤≠‡≤æ‡≤∂‡≤Ø‡≤ó‡≤≥‡≥Å ‡≤Æ‡≥á‡≤°‡≤Ç,0
1171173664566881,"Life is a symphony of moments. Play your part with passion, purpose, and precision.
#NammaPrabha #MPOfDavangere
#ForThePeople #PrabhaForThePeople
#VoiceOfDavangere #DevelopmentForAll
#Davangere #IndianNationalCongress
#INC #Karnataka",Unknown,795,12,,0
